<keymap version="1" name="Eclipse copy" parent="Eclipse">
  <action id="$ShowTranslationDialogAction" />
  <action id="$SwitchTranslatorAction" />
  <action id="$TranslateAndReplaceAction" />
  <action id="ChangesView.ShelveSilently" />
  <action id="CloseActiveTab" />
  <action id="CloseContent">
    <keyboard-shortcut first-keystroke="ctrl w" />
  </action>
  <action id="Console.TableResult.CopyAggregatorResult" />
  <action id="CopyAbsolutePath" />
  <action id="CopyPaths" />
  <action id="DatabaseView.CopyDdlAction">
    <keyboard-shortcut first-keystroke="shift ctrl alt g" />
  </action>
  <action id="Debug">
    <keyboard-shortcut first-keystroke="shift f9" />
  </action>
  <action id="Diagram.SearchItemOnWeb">
    <keyboard-shortcut first-keystroke="shift ctrl g" />
  </action>
  <action id="EditorBackSpace">
    <keyboard-shortcut first-keystroke="back_space" />
  </action>
  <action id="EditorCopy">
    <keyboard-shortcut first-keystroke="ctrl c" />
  </action>
  <action id="EditorCreateRectangularSelectionOnMouseDrag">
    <mouse-shortcut keystroke="alt button1" />
  </action>
  <action id="EditorCut">
    <keyboard-shortcut first-keystroke="ctrl x" />
  </action>
  <action id="EditorDecreaseFontSize">
    <keyboard-shortcut first-keystroke="shift ctrl minus" />
  </action>
  <action id="EditorIncreaseFontSize">
    <keyboard-shortcut first-keystroke="shift ctrl equals" />
  </action>
  <action id="EditorPaste">
    <keyboard-shortcut first-keystroke="ctrl v" />
  </action>
  <action id="EditorToggleCase">
    <keyboard-shortcut first-keystroke="shift ctrl x" />
  </action>
  <action id="Find">
    <keyboard-shortcut first-keystroke="ctrl f" />
  </action>
  <action id="FindUsagesInFile" />
  <action id="MethodHierarchy" />
  <action id="MethodHierarchy.BaseOnThisMethod" />
  <action id="PinBalloonAction" />
  <action id="ReformatCode">
    <keyboard-shortcut first-keystroke="shift ctrl f" />
  </action>
  <action id="Replace">
    <keyboard-shortcut first-keystroke="alt f" />
  </action>
  <action id="ReplaceInPath">
    <keyboard-shortcut first-keystroke="shift ctrl h" />
  </action>
  <action id="Run">
    <keyboard-shortcut first-keystroke="shift f10" />
  </action>
  <action id="ShowBookmarks" />
  <action id="ShowReformatFileDialog" />
  <action id="SpotBugs.ShowQuickSearch" />
  <action id="StringManipulation.ToCamelCase">
    <keyboard-shortcut first-keystroke="shift ctrl c" />
  </action>
  <action id="UsageFiltering.WriteAccess" />
  <action id="WelcomeScreen.CopyProjectPath" />
  <action id="fastRequest.gotoFastRequest" />
  <action id="org.intellij.plugins.markdown.ui.actions.styling.ToggleCodeSpanAction" />
</keymap>