<keymap version="1" name="Windows copy 1" parent="$default">
  <action id="$Copy">
    <keyboard-shortcut first-keystroke="ctrl c" />
  </action>
  <action id="$Cut">
    <keyboard-shortcut first-keystroke="ctrl x" />
  </action>
  <action id="$Paste">
    <keyboard-shortcut first-keystroke="ctrl v" />
  </action>
  <action id="$Redo">
    <keyboard-shortcut first-keystroke="shift ctrl z" />
  </action>
  <action id="$SwitchTranslationEngineAction" />
  <action id="$TranslateAndReplaceAction" />
  <action id="$Undo">
    <keyboard-shortcut first-keystroke="ctrl z" />
  </action>
  <action id="ActivateBigDataToolWindowToolWindow">
    <keyboard-shortcut first-keystroke="shift ctrl alt b" />
  </action>
  <action id="ActivateBookmarksToolWindow" />
  <action id="ActivateCommitToolWindow" />
  <action id="ActivateDebugToolWindow" />
  <action id="ActivateFindToolWindow" />
  <action id="ActivateProblemsViewToolWindow" />
  <action id="ActivateProjectToolWindow" />
  <action id="ActivateRunToolWindow" />
  <action id="ActivateServicesToolWindow" />
  <action id="ActivateStructureToolWindow" />
  <action id="ActivateTerminalToolWindow" />
  <action id="ActivateVersionControlToolWindow" />
  <action id="AliP3CInspectionAction" />
  <action id="Back">
    <keyboard-shortcut first-keystroke="ctrl alt left" />
  </action>
  <action id="BookmarksView.MoveUp" />
  <action id="ChangesView.Refresh">
    <keyboard-shortcut first-keystroke="ctrl f5" />
  </action>
  <action id="ChangesView.ShelveSilently" />
  <action id="CheckinFiles">
    <keyboard-shortcut first-keystroke="ctrl m" />
  </action>
  <action id="CheckinProject" />
  <action id="ChooseDebugConfiguration">
    <keyboard-shortcut first-keystroke="shift ctrl f9" />
  </action>
  <action id="ChooseRunConfiguration">
    <keyboard-shortcut first-keystroke="shift ctrl f10" />
  </action>
  <action id="CloseActiveTab" />
  <action id="CloseContent">
    <keyboard-shortcut first-keystroke="ctrl w" />
  </action>
  <action id="CollapseAllRegions">
    <keyboard-shortcut first-keystroke="shift ctrl minus" />
  </action>
  <action id="CollapseBlock" />
  <action id="CollapseRegion">
    <keyboard-shortcut first-keystroke="ctrl minus" />
  </action>
  <action id="CollapseRegionRecursively">
    <keyboard-shortcut first-keystroke="ctrl alt minus" />
  </action>
  <action id="CommentByBlockComment">
    <keyboard-shortcut first-keystroke="shift ctrl slash" />
  </action>
  <action id="CommentByLineComment">
    <keyboard-shortcut first-keystroke="ctrl slash" />
  </action>
  <action id="CompareTwoFiles" />
  <action id="Compile" />
  <action id="CompileDirty">
    <keyboard-shortcut first-keystroke="ctrl b" />
  </action>
  <action id="Console.Open" />
  <action id="Console.TableResult.CompareCells" />
  <action id="Console.TableResult.NavigateForeignAction">
    <mouse-shortcut keystroke="control button1" />
    <mouse-shortcut keystroke="button2" />
  </action>
  <action id="Console.TableResult.NextPage" />
  <action id="CopyPaths" />
  <action id="DatabaseView.CopyAction" />
  <action id="DatabaseView.CopyDdlAction" />
  <action id="Debug" />
  <action id="Diff.ShowSettingsPopup" />
  <action id="EditorBackSpace">
    <keyboard-shortcut first-keystroke="back_space" />
  </action>
  <action id="EditorCopy">
    <keyboard-shortcut first-keystroke="ctrl c" />
  </action>
  <action id="EditorCreateRectangularSelection" />
  <action id="EditorCreateRectangularSelectionOnMouseDrag">
    <mouse-shortcut keystroke="alt button1" />
  </action>
  <action id="EditorCut">
    <keyboard-shortcut first-keystroke="ctrl x" />
  </action>
  <action id="EditorDeleteLine">
    <keyboard-shortcut first-keystroke="ctrl d" />
  </action>
  <action id="EditorDuplicate" />
  <action id="EditorDuplicateLines">
    <keyboard-shortcut first-keystroke="ctrl alt down" />
  </action>
  <action id="EditorHungryBackSpace">
    <keyboard-shortcut first-keystroke="shift back_space" />
  </action>
  <action id="EditorJoinLines" />
  <action id="EditorLookupDown" />
  <action id="EditorLookupUp" />
  <action id="EditorMatchBrace" />
  <action id="EditorNextWordWithSelection" />
  <action id="EditorPaste">
    <keyboard-shortcut first-keystroke="ctrl v" />
  </action>
  <action id="EditorPasteFromX11" />
  <action id="EditorPreviousWordWithSelection" />
  <action id="EditorScrollDown" />
  <action id="EditorScrollToCenter" />
  <action id="EditorScrollUp" />
  <action id="EditorSelectWord" />
  <action id="EditorToggleCase" />
  <action id="ExpandAllRegions">
    <keyboard-shortcut first-keystroke="shift ctrl equals" />
  </action>
  <action id="ExpandRegion">
    <keyboard-shortcut first-keystroke="ctrl equals" />
  </action>
  <action id="ExpandRegionRecursively">
    <keyboard-shortcut first-keystroke="ctrl alt equals" />
  </action>
  <action id="ExportToTextFile" />
  <action id="ExpressionTypeInfo" />
  <action id="ExternalSystem.ProjectRefreshAction" />
  <action id="FileChooser.GotoDesktop" />
  <action id="FileChooser.NewFolder">
    <keyboard-shortcut first-keystroke="alt insert" />
  </action>
  <action id="FileStructurePopup" />
  <action id="Find">
    <keyboard-shortcut first-keystroke="ctrl f" />
  </action>
  <action id="FindNext">
    <keyboard-shortcut first-keystroke="f3" />
  </action>
  <action id="FindPrevious" />
  <action id="FindUsages">
    <keyboard-shortcut first-keystroke="ctrl g" />
  </action>
  <action id="FindUsagesInFile" />
  <action id="Forward">
    <keyboard-shortcut first-keystroke="ctrl alt right" />
  </action>
  <action id="Git.ChangesView.AcceptTheirs">
    <keyboard-shortcut first-keystroke="shift ctrl t" />
  </action>
  <action id="Git.Commit.And.Push.Executor">
    <keyboard-shortcut first-keystroke="ctrl alt k" />
    <keyboard-shortcut first-keystroke="shift ctrl k" />
  </action>
  <action id="Git.Fetch">
    <keyboard-shortcut first-keystroke="shift ctrl l" />
  </action>
  <action id="Git.Merge">
    <keyboard-shortcut first-keystroke="shift ctrl m" />
  </action>
  <action id="Git.Rebase">
    <keyboard-shortcut first-keystroke="shift ctrl n" />
  </action>
  <action id="GotoAction" />
  <action id="GotoClass" />
  <action id="GotoDeclaration">
    <keyboard-shortcut first-keystroke="alt u" />
  </action>
  <action id="GotoFile" />
  <action id="GotoImplementation">
    <keyboard-shortcut first-keystroke="alt i" />
  </action>
  <action id="GotoLine">
    <keyboard-shortcut first-keystroke="ctrl l" />
  </action>
  <action id="GotoRelated" />
  <action id="GotoRow" />
  <action id="GotoSuperMethod" />
  <action id="GotoSymbol" />
  <action id="GotoTest">
    <keyboard-shortcut first-keystroke="alt t" />
  </action>
  <action id="GotoTypeDeclaration" />
  <action id="Graph.ActualSize">
    <keyboard-shortcut first-keystroke="ctrl slash" />
  </action>
  <action id="HighlightUsagesInFile" />
  <action id="HippieCompletion" />
  <action id="Images.Editor.ActualSize">
    <keyboard-shortcut first-keystroke="ctrl slash" />
  </action>
  <action id="ImplementMethods" />
  <action id="InsertLiveTemplate" />
  <action id="IntroduceField" />
  <action id="Jdbc.OpenConsole.Any" />
  <action id="Jpa.OpenConsole" />
  <action id="JsonPathExportEvaluateResultAction" />
  <action id="JupyterNotebookMoveCellDownCommandModeAction" />
  <action id="JupyterNotebookMoveCellUpCommandModeAction" />
  <action id="JupyterNotebookPasteCellAboveCommandModeAction">
    <keyboard-shortcut first-keystroke="shift v" />
  </action>
  <action id="Markdown.Styling.CreateLink" />
  <action id="Maven.Reimport">
    <keyboard-shortcut first-keystroke="alt o" />
  </action>
  <action id="MethodHierarchy" />
  <action id="MethodHierarchy.ImplementMethodAction" />
  <action id="MethodOverloadSwitchDown" />
  <action id="MethodOverloadSwitchUp" />
  <action id="MoveElementLeft">
    <keyboard-shortcut first-keystroke="shift ctrl left" />
  </action>
  <action id="MoveElementRight" />
  <action id="MoveLineDown">
    <keyboard-shortcut first-keystroke="shift ctrl down" />
  </action>
  <action id="MoveLineUp">
    <keyboard-shortcut first-keystroke="shift ctrl up" />
  </action>
  <action id="MoveStatementDown">
    <keyboard-shortcut first-keystroke="ctrl down" />
  </action>
  <action id="MoveStatementUp">
    <keyboard-shortcut first-keystroke="ctrl up" />
  </action>
  <action id="MoveTabRight">
    <keyboard-shortcut first-keystroke="shift ctrl right" />
  </action>
  <action id="NextOccurence" />
  <action id="NotebookSelectCellAboveAction" />
  <action id="NotebookSelectCellBelowAction" />
  <action id="OpenInRightSplit">
    <keyboard-shortcut first-keystroke="shift enter" />
  </action>
  <action id="PasteMultiple">
    <keyboard-shortcut first-keystroke="shift ctrl insert" />
  </action>
  <action id="PinActiveEditorTab">
    <keyboard-shortcut first-keystroke="alt p" />
  </action>
  <action id="QuickJavaDoc">
    <keyboard-shortcut first-keystroke="ctrl q" />
  </action>
  <action id="ReformatCode">
    <keyboard-shortcut first-keystroke="ctrl alt f" />
  </action>
  <action id="RenameElement">
    <keyboard-shortcut first-keystroke="shift alt r" />
  </action>
  <action id="RerunTests" />
  <action id="Run">
    <keyboard-shortcut first-keystroke="ctrl f10" />
  </action>
  <action id="RunClass" />
  <action id="RunDashboard.CopyConfiguration" />
  <action id="RunDashboard.Run" />
  <action id="SearchEverywhere.NavigateToNextGroup">
    <keyboard-shortcut first-keystroke="page_down" />
  </action>
  <action id="SearchEverywhere.NavigateToPrevGroup">
    <keyboard-shortcut first-keystroke="page_up" />
  </action>
  <action id="SelectNextOccurrence" />
  <action id="SendEOF" />
  <action id="ServiceView.ShowServices" />
  <action id="ShelveChanges.UnshelveWithDialog" />
  <action id="ShowFilePath" />
  <action id="ShowFilterPopup" />
  <action id="ShowReformatFileDialog" />
  <action id="ShowSettingsAndFindUsages" />
  <action id="ShowUsages">
    <keyboard-shortcut first-keystroke="alt g" />
  </action>
  <action id="SmartSelect" />
  <action id="SonarLint.AnalyzeFiles" />
  <action id="StoreDefaultLayout">
    <keyboard-shortcut first-keystroke="ctrl f12" />
  </action>
  <action id="StringManipulation.ToHyphenCaseOrCamelCase">
    <keyboard-shortcut first-keystroke="shift ctrl b" />
  </action>
  <action id="StringManipulation.ToPascalCaseOrCamelCase">
    <keyboard-shortcut first-keystroke="shift ctrl v" />
  </action>
  <action id="StringManipulation.ToSnakeCaseOrCamelCase">
    <keyboard-shortcut first-keystroke="shift ctrl x" />
  </action>
  <action id="TableResult.GrowSelection" />
  <action id="Terminal.ClearBuffer" />
  <action id="TypeHierarchy" />
  <action id="Uml.ShowDiff" />
  <action id="UpdateRunningApplication" />
  <action id="UsageFiltering.Imports" />
  <action id="UsageFiltering.WriteAccess" />
  <action id="UsageGrouping.FileStructure" />
  <action id="Vcs.Log.FocusTextFilter" />
  <action id="Vcs.Push">
    <keyboard-shortcut first-keystroke="shift ctrl p" />
  </action>
  <action id="Vcs.ShowMessageHistory" />
  <action id="Vcs.UpdateProject">
    <keyboard-shortcut first-keystroke="shift ctrl u" />
  </action>
  <action id="XDebugger.CopyWatch" />
  <action id="cn.xr21.chat.gpt--1,864,491,879">
    <keyboard-shortcut first-keystroke="shift ctrl x" />
  </action>
  <action id="com.dubreuia.core.action.ShortcutAction" />
  <action id="openAssertEqualsDiff" />
  <action id="org.intellij.plugins.markdown.ui.actions.styling.InsertImageAction" />
  <action id="org.intellij.plugins.markdown.ui.actions.styling.ToggleBoldAction" />
  <action id="org.intellij.plugins.markdown.ui.actions.styling.ToggleCodeSpanAction" />
  <action id="org.intellij.plugins.markdown.ui.actions.styling.ToggleItalicAction" />
  <action id="org.intellij.plugins.markdown.ui.actions.styling.ToggleStrikethroughAction" />
  <action id="osmedile.intellij.stringmanip.PopupChoiceAction">
    <keyboard-shortcut first-keystroke="alt m" />
  </action>
  <action id="osmedile.intellij.stringmanip.WordsAndCamelToConstantStyleCaseAction">
    <keyboard-shortcut first-keystroke="shift ctrl c" />
  </action>
  <action id="runShellFileAction" />
  <action id="x.editor.action.group">
    <keyboard-shortcut first-keystroke="shift ctrl g" />
  </action>
</keymap>