<profile version="1.0">
  <option name="myName" value="Project Default" />
  <inspection_tool class="AlibabaAbstractMethodOrInterfaceMethodMustUseJavadoc" enabled="false" level="WARNING" enabled_by_default="false" />
  <inspection_tool class="AlibabaClassMustHaveAuthor" enabled="false" level="WARNING" enabled_by_default="false" />
  <inspection_tool class="AlibabaEnumConstantsMustHaveComment" enabled="false" level="WARNING" enabled_by_default="false" />
  <inspection_tool class="AlibabaPojoMustOverrideToString" enabled="false" level="WARNING" enabled_by_default="false" />
  <inspection_tool class="AlibabaSneakyThrowsWithoutExceptionType" enabled="false" level="CRITICAL" enabled_by_default="false" />
  <inspection_tool class="IncorrectHttpHeaderInspection" enabled="true" level="WARNING" enabled_by_default="true">
    <option name="customHeaders">
      <set>
        <option value="accountId" />
      </set>
    </option>
  </inspection_tool>
  <inspection_tool class="JavaDoc" enabled="true" level="WARNING" enabled_by_default="true">
    <option name="TOP_LEVEL_CLASS_OPTIONS">
      <value>
        <option name="ACCESS_JAVADOC_REQUIRED_FOR" value="none" />
        <option name="REQUIRED_TAGS" value="" />
      </value>
    </option>
    <option name="INNER_CLASS_OPTIONS">
      <value>
        <option name="ACCESS_JAVADOC_REQUIRED_FOR" value="none" />
        <option name="REQUIRED_TAGS" value="" />
      </value>
    </option>
    <option name="METHOD_OPTIONS">
      <value>
        <option name="ACCESS_JAVADOC_REQUIRED_FOR" value="none" />
        <option name="REQUIRED_TAGS" value="@return@param@throws or @exception" />
      </value>
    </option>
    <option name="FIELD_OPTIONS">
      <value>
        <option name="ACCESS_JAVADOC_REQUIRED_FOR" value="none" />
        <option name="REQUIRED_TAGS" value="" />
      </value>
    </option>
    <option name="IGNORE_DEPRECATED" value="false" />
    <option name="IGNORE_JAVADOC_PERIOD" value="true" />
    <option name="IGNORE_DUPLICATED_THROWS" value="false" />
    <option name="IGNORE_POINT_TO_ITSELF" value="false" />
    <option name="myAdditionalJavadocTags" value="date" />
  </inspection_tool>
  <inspection_tool class="JavadocDeclaration" enabled="true" level="WARNING" enabled_by_default="true">
    <option name="ADDITIONAL_TAGS" value="date" />
  </inspection_tool>
  <inspection_tool class="MissingJavadoc" enabled="true" level="WARNING" enabled_by_default="true">
    <option name="PACKAGE_SETTINGS">
      <Options>
        <option name="ENABLED" value="false" />
      </Options>
    </option>
    <option name="MODULE_SETTINGS">
      <Options>
        <option name="ENABLED" value="false" />
      </Options>
    </option>
    <option name="TOP_LEVEL_CLASS_SETTINGS">
      <Options>
        <option name="ENABLED" value="false" />
      </Options>
    </option>
    <option name="INNER_CLASS_SETTINGS">
      <Options>
        <option name="ENABLED" value="false" />
      </Options>
    </option>
    <option name="METHOD_SETTINGS">
      <Options>
        <option name="REQUIRED_TAGS" value="@return@param@throws or @exception" />
        <option name="ENABLED" value="false" />
      </Options>
    </option>
    <option name="FIELD_SETTINGS">
      <Options>
        <option name="ENABLED" value="false" />
      </Options>
    </option>
  </inspection_tool>
</profile>