<application>
  <component name="AdvancedSettings">
    <option name="settings">
      <map>
        <entry key="confirm.rerun.with.termination" value="false" />
        <entry key="documentation.components.enable.highlighting.of.links" value="true" />
        <entry key="documentation.components.enable.inline.code.highlighting" value="AS_DEFAULT_CODE" />
        <entry key="editor.maximize.in.splits.on.double.click" value="true" />
        <entry key="editor.normalize.splits" value="true" />
        <entry key="editor.skip.copy.and.cut.for.empty.selection" value="true" />
        <entry key="editor.skip.selecting.line.after.copy.empty.selection" value="true" />
        <entry key="editor.soft.wrap.force.limit" value="140" />
        <entry key="ide.max.recent.projects" value="10" />
        <entry key="ide.show.fileType.icon.in.titleBar" value="true" />
        <entry key="ide.usages.page.size" value="20" />
        <entry key="searcheverywhere.ml.sort.files" value="true" />
        <entry key="show.line.bookmarks.in.popup" value="false" />
        <entry key="ssh.config.backend" value="OPENSSH" />
        <entry key="terminal.buffer.max.lines.count" value="1000" />
        <entry key="vcs.annotations.preload" value="true" />
      </map>
    </option>
  </component>
</application>