<application>
  <component name="com.intellij.ide.ui.customization.CustomActionsSchema">
    <group value="Vcs.Operations.Popup" is_group="true" forse_popup="false" action_type="-1" position="24">
      <path value="root" />
    </group>
    <group value="Vcs.Operations.Popup" is_group="true" forse_popup="false" action_type="-1" position="23">
      <path value="root" />
    </group>
    <group value="Vcs.Log.Toolbar.RightCorner" is_group="true" forse_popup="false" action_type="-1" position="23">
      <path value="root" />
    </group>
    <group value="Vcs.Log.Toolbar.RightCorner" is_group="true" forse_popup="false" action_type="-1" position="22">
      <path value="root" />
    </group>
    <group value="Vcs.Log.ChangesBrowser.Toolbar" is_group="true" forse_popup="false" action_type="-1" position="22">
      <path value="root" />
    </group>
    <group value="Vcs.Log.ChangesBrowser.Toolbar" is_group="true" forse_popup="false" action_type="-1" position="21">
      <path value="root" />
    </group>
    <group value="ChangesViewToolbar" is_group="true" forse_popup="false" action_type="-1" position="21">
      <path value="root" />
    </group>
    <group value="Vcs.Operations.Popup" is_group="true" forse_popup="false" action_type="-1" position="21">
      <path value="root" />
    </group>
    <group value="ChangesViewToolbar" is_group="true" forse_popup="false" action_type="-1" position="20">
      <path value="root" />
    </group>
    <group value="StringManipulation.Group.SwitchCase" is_group="true" forse_popup="false" action_type="-1" position="20">
      <path value="root" />
    </group>
    <group value="Vcs.Log.Toolbar.RightCorner" is_group="true" forse_popup="false" action_type="-1" position="20">
      <path value="root" />
    </group>
    <group value="StringManipulation.Group.SwitchCase" is_group="true" forse_popup="false" action_type="-1" position="19">
      <path value="root" />
    </group>
    <group value="StringManipulation.Group.Main" is_group="true" forse_popup="false" action_type="-1" position="19">
      <path value="root" />
    </group>
    <group value="Vcs.Log.ChangesBrowser.Toolbar" is_group="true" forse_popup="false" action_type="-1" position="19">
      <path value="root" />
    </group>
    <group value="Vcs.Operations.Popup" is_group="true" forse_popup="false" action_type="-1" position="19">
      <path value="root" />
    </group>
    <group value="StringManipulation.Group.Main" is_group="true" forse_popup="false" action_type="-1" position="18">
      <path value="root" />
    </group>
    <group value="RunTab.TopToolbar" is_group="true" forse_popup="false" action_type="-1" position="18">
      <path value="root" />
    </group>
    <group value="ChangesViewToolbar" is_group="true" forse_popup="false" action_type="-1" position="18">
      <path value="root" />
    </group>
    <group value="RunToolbarWidgetCustomizableActionGroup" is_group="true" forse_popup="false" action_type="-1" position="18">
      <path value="root" />
    </group>
    <group value="Vcs.Log.ChangesBrowser.Toolbar" is_group="true" forse_popup="false" action_type="-1" position="18">
      <path value="root" />
    </group>
    <group value="Vcs.Operations.Popup" is_group="true" forse_popup="false" action_type="-1" position="18">
      <path value="root" />
    </group>
    <group value="RunTab.TopToolbar" is_group="true" forse_popup="false" action_type="-1" position="17">
      <path value="root" />
    </group>
    <group value="RunTab.TopToolbar.More" is_group="true" forse_popup="false" action_type="-1" position="17">
      <path value="root" />
    </group>
    <group value="StringManipulation.Group.SwitchCase" is_group="true" forse_popup="false" action_type="-1" position="17">
      <path value="root" />
    </group>
    <group value="Markdown.Toolbar.Floating" is_group="true" forse_popup="false" action_type="-1" position="17">
      <path value="root" />
    </group>
    <group value="ChangesViewToolbar" is_group="true" forse_popup="false" action_type="-1" position="17">
      <path value="root" />
    </group>
    <group value="Vcs.Log.ChangesBrowser.Toolbar" is_group="true" forse_popup="false" action_type="-1" position="17">
      <path value="root" />
    </group>
    <group value="RunTab.TopToolbar.More" is_group="true" forse_popup="false" action_type="-1" position="16">
      <path value="root" />
    </group>
    <group value="Markdown.Toolbar.Floating" is_group="true" forse_popup="false" action_type="-1" position="16">
      <path value="root" />
    </group>
    <group value="StringManipulation.Group.Main" is_group="true" forse_popup="false" action_type="-1" position="16">
      <path value="root" />
    </group>
    <group value="J2EEViewPopupMenu" is_group="true" forse_popup="false" action_type="-1" position="16">
      <path value="root" />
    </group>
    <group value="StringManipulation.Group.SwitchCase" is_group="true" forse_popup="false" action_type="-1" position="16">
      <path value="root" />
    </group>
    <group value="ChangesViewToolbar" is_group="true" forse_popup="false" action_type="-1" position="16">
      <path value="root" />
    </group>
    <group value="Console.TableResult.FloatingToolbarGroup" is_group="true" forse_popup="false" action_type="-1" position="15">
      <path value="root" />
    </group>
    <group value="Markdown.Toolbar.Floating" is_group="true" forse_popup="false" action_type="-1" position="15">
      <path value="root" />
    </group>
    <group value="J2EEViewPopupMenu" is_group="true" forse_popup="false" action_type="-1" position="15">
      <path value="root" />
    </group>
    <group value="RunTab.TopToolbar.Old" is_group="true" forse_popup="false" action_type="-1" position="15">
      <path value="root" />
    </group>
    <group value="XDebugger.Watches.Tree.Toolbar" is_group="true" forse_popup="false" action_type="-1" position="15">
      <path value="root" />
    </group>
    <group value="StringManipulation.Group.Main" is_group="true" forse_popup="false" action_type="-1" position="15">
      <path value="root" />
    </group>
    <group value="StringManipulation.Group.SwitchCase" is_group="true" forse_popup="false" action_type="-1" position="15">
      <path value="root" />
    </group>
    <group value="Markdown.Toolbar.Floating" is_group="true" forse_popup="false" action_type="-1" position="14">
      <path value="root" />
    </group>
    <group value="J2EEViewPopupMenu" is_group="true" forse_popup="false" action_type="-1" position="14">
      <path value="root" />
    </group>
    <group value="Vcs.FileHistory.Toolbar" is_group="true" forse_popup="false" action_type="-1" position="14">
      <path value="root" />
    </group>
    <group value="XDebugger.ToolWindow.TopToolbar" is_group="true" forse_popup="false" action_type="-1" position="14">
      <path value="root" />
    </group>
    <group value="StringManipulation.Group.Main" is_group="true" forse_popup="false" action_type="-1" position="14">
      <path value="root" />
    </group>
    <group value="Floating.CodeToolbar" is_group="true" forse_popup="false" action_type="-1" position="13">
      <path value="root" />
    </group>
    <group value="XDebugger.Watches.Tree.Toolbar" is_group="true" forse_popup="false" action_type="-1" position="13">
      <path value="root" />
    </group>
    <group value="J2EEViewPopupMenu" is_group="true" forse_popup="false" action_type="-1" position="13">
      <path value="root" />
    </group>
    <group value="XDebugger.ToolWindow.LeftToolbar" is_group="true" forse_popup="false" action_type="-1" position="13">
      <path value="root" />
    </group>
    <group value="Markdown.Toolbar.Floating" is_group="true" forse_popup="false" action_type="-1" position="13">
      <path value="root" />
    </group>
    <group value="Vcs.FileHistory.Toolbar" is_group="true" forse_popup="false" action_type="-1" position="12">
      <path value="root" />
    </group>
    <group value="XDebugger.ToolWindow.TopToolbar3" is_group="true" forse_popup="false" action_type="-1" position="12">
      <path value="root" />
    </group>
    <group value="EmulatorToolbar" is_group="true" forse_popup="false" action_type="-1" position="12">
      <path value="root" />
    </group>
    <group value="J2EEViewPopupMenu" is_group="true" forse_popup="false" action_type="-1" position="12">
      <path value="root" />
    </group>
    <group value="XDebugger.Watches.Tree.Toolbar" is_group="true" forse_popup="false" action_type="-1" position="11">
      <path value="root" />
    </group>
    <group value="XDebugger.ToolWindow.TopToolbar3.Extra" is_group="true" forse_popup="false" action_type="-1" position="11">
      <path value="root" />
    </group>
    <group value="XDebugger.ToolWindow.TopToolbar3" is_group="true" forse_popup="false" action_type="-1" position="10">
      <path value="root" />
    </group>
    <group value="NavBarToolBar" is_group="true" forse_popup="false" action_type="-1" position="10">
      <path value="root" />
    </group>
    <group value="XDebugger.ToolWindow.TopToolbar" is_group="true" forse_popup="false" action_type="-1" position="10">
      <path value="root" />
    </group>
    <group value="XDebugger.ToolWindow.TopToolbar3.Extra" is_group="true" forse_popup="false" action_type="-1" position="9">
      <path value="root" />
    </group>
    <group value="NavbarPopupMenu" is_group="true" forse_popup="false" action_type="-1" position="9">
      <path value="root" />
    </group>
    <group value="XDebugger.ToolWindow.LeftToolbar" is_group="true" forse_popup="false" action_type="-1" position="9">
      <path value="root" />
    </group>
    <group value="NavBarToolBar" is_group="true" forse_popup="false" action_type="-1" position="8">
      <path value="root" />
    </group>
    <group value="ScopeViewPopupMenu" is_group="true" forse_popup="false" action_type="-1" position="8">
      <path value="root" />
    </group>
    <group value="TranslationNavBarToolBar" is_group="true" forse_popup="false" action_type="-1" position="8">
      <path value="root" />
      <path value="Navigation Bar Toolbar" />
    </group>
    <group value="NavbarPopupMenu" is_group="true" forse_popup="false" action_type="-1" position="7">
      <path value="root" />
    </group>
    <group value="ProjectViewPopupMenu" is_group="true" forse_popup="false" action_type="-1" position="7">
      <path value="root" />
    </group>
    <group value="SettingsEntryPoint" is_action="true" action_type="-1" position="7">
      <path value="root" />
      <path value="Navigation Bar Toolbar" />
    </group>
    <group value="ScopeViewPopupMenu" is_group="true" forse_popup="false" action_type="-1" position="6">
      <path value="root" />
    </group>
    <group value="EditorTabPopupMenu" is_group="true" forse_popup="false" action_type="-1" position="6">
      <path value="root" />
    </group>
    <group value="SearchEverywhere" is_action="true" action_type="-1" position="6">
      <path value="root" />
      <path value="Navigation Bar Toolbar" />
    </group>
    <group value="SearchEverywhere" is_action="true" action_type="-1" position="6">
      <path value="root" />
      <path value="导航栏工具栏" />
    </group>
    <group value="ProjectViewPopupMenu" is_group="true" forse_popup="false" action_type="-1" position="5">
      <path value="root" />
    </group>
    <group value="EditorGutterPopupMenu" is_group="true" forse_popup="false" action_type="-1" position="5">
      <path value="root" />
    </group>
    <group seperator="true" action_type="-1" position="5">
      <path value="root" />
      <path value="Navigation Bar Toolbar" />
    </group>
    <group seperator="true" action_type="-1" position="5">
      <path value="root" />
      <path value="导航栏工具栏" />
    </group>
    <group value="EditorTabPopupMenu" is_group="true" forse_popup="false" action_type="-1" position="4">
      <path value="root" />
    </group>
    <group value="EditorPopupMenu" is_group="true" forse_popup="false" action_type="-1" position="4">
      <path value="root" />
    </group>
    <group value="NavBarToolBarOthers" is_group="true" forse_popup="false" action_type="-1" position="4">
      <path value="root" />
      <path value="Navigation Bar Toolbar" />
    </group>
    <group value="NavBarToolBarOthers" is_group="true" forse_popup="false" action_type="-1" position="4">
      <path value="root" />
      <path value="导航栏工具栏" />
    </group>
    <group value="EditorGutterPopupMenu" is_group="true" forse_popup="false" action_type="-1" position="3">
      <path value="root" />
    </group>
    <group seperator="true" action_type="-1" position="3">
      <path value="root" />
      <path value="Navigation Bar Toolbar" />
    </group>
    <group seperator="true" action_type="-1" position="3">
      <path value="root" />
      <path value="导航栏工具栏" />
    </group>
    <group value="EditorPopupMenu" is_group="true" forse_popup="false" action_type="-1" position="2">
      <path value="root" />
    </group>
    <group value="MainToolbarRight" is_group="true" forse_popup="false" action_type="-1" position="2">
      <path value="root" />
      <path value="Main Toolbar" />
    </group>
    <group value="tasks.switch" is_action="true" action_type="-1" position="2">
      <path value="root" />
      <path value="Main Toolbar" />
      <path value="Left" />
    </group>
    <group value="MainToolbarCenter" is_group="true" forse_popup="false" action_type="-1" position="2">
      <path value="root" />
    </group>
    <group value="NavBarVcsGroup" is_group="true" forse_popup="false" action_type="-1" position="2">
      <path value="root" />
      <path value="Navigation Bar Toolbar" />
    </group>
    <group value="NavBarVcsGroup" is_group="true" forse_popup="false" action_type="-1" position="2">
      <path value="root" />
      <path value="导航栏工具栏" />
    </group>
    <group value="MainToolbarCenter" is_group="true" forse_popup="false" action_type="-1" position="1">
      <path value="root" />
      <path value="Main Toolbar" />
    </group>
    <group value="MainToolbarVCSGroup" is_group="true" forse_popup="false" action_type="-1" position="1">
      <path value="root" />
      <path value="Main Toolbar" />
      <path value="Left" />
    </group>
    <group value="MainToolbarLeft" is_group="true" forse_popup="false" action_type="-1" position="1">
      <path value="root" />
    </group>
    <group value="MainToolBar" is_group="true" forse_popup="false" action_type="-1" position="1">
      <path value="root" />
    </group>
    <group seperator="true" action_type="-1" position="1">
      <path value="root" />
      <path value="Navigation Bar Toolbar" />
    </group>
    <group seperator="true" action_type="-1" position="1">
      <path value="root" />
      <path value="导航栏工具栏" />
    </group>
    <group value="MainMenu" is_group="true" forse_popup="false" action_type="-1" position="0">
      <path value="root" />
    </group>
    <group value="main.toolbar.Project" is_action="true" action_type="-1" position="0">
      <path value="root" />
      <path value="Main Toolbar" />
      <path value="Left" />
    </group>
    <group value="ToolbarMakeGroup" is_group="true" forse_popup="false" action_type="-1" position="0">
      <path value="root" />
      <path value="Navigation Bar Toolbar" />
      <path value="Toolbar Run Actions" />
    </group>
    <group value="main.toolbar.git.Branches" is_action="true" action_type="1" position="0">
      <path value="root" />
      <path value="Main Toolbar" />
      <path value="Left" />
    </group>
    <action id="Profiler" icon="jar:file:/C:/Program%20Files/JetBrains/IntelliJ%20IDEA%202021.3.2/lib/app.jar!/toolbar/unknown.svg" />
    <action id="main.toolbar.git.Branches" icon="jar:file:/C:/Program%20Files/JetBrains/IntelliJ%20IDEA%202023.2.1/lib/app-client.jar!/expui/toolbar/unknown.svg" />
    <action id="VcsGlobalGroup" icon="jar:file:/C:/Program%20Files/JetBrains/IntelliJ%20IDEA%202023.2.1/lib/app-client.jar!/expui/toolbar/unknown.svg" />
  </component>
</application>