<application>
  <component name="LocalDatabaseDriverManager" version="201">
    <driver id="h2.unified">
      <artifact id="H2" name="H2" use="true" version="2.3.232" />
    </driver>
    <driver id="mariadb">
      <artifact id="MariaDB Connector J" name="MariaDB Connector J" channel="fixed" rolling="false" use="true" version="2.7.3" />
    </driver>
    <driver id="sqlserver.ms">
      <artifact id="SQL Server" name="SQL Server" channel="fixed" rolling="false" use="true" version="10.2.1" />
    </driver>
    <driver id="sqlserver.jtds">
      <artifact />
      <artifact id="jTDS SQL Server and Sybase" name="jTDS SQL Server and Sybase" use="true" version="1.3.1.1" />
    </driver>
    <driver id="mysql.8" driver-class="com.mysql.jdbc.Driver">
      <artifact />
      <artifact id="MySQL ConnectorJ" name="MySQL ConnectorJ" channel="fixed" rolling="false" use="true" version="5.1.47" />
    </driver>
    <driver id="redis">
      <artifact id="Redis" name="Redis" use="true" version="1.5" />
    </driver>
  </component>
</application>