<application>
  <component name="FindSettings">
    <option name="customScope" value="Project Files" />
    <option name="defaultScopeName" value="Project Files" />
    <option name="showResultsInSeparateView" value="true" />
    <option name="skipResultsWithOneUsage" value="true" />
    <option name="SKIP_RESULTS_WHEN_ONE_USAGE" value="true" />
    <option name="SHOW_RESULTS_IN_SEPARATE_VIEW" value="true" />
    <option name="SEARCH_SCOPE" value="Project Files" />
    <mask>*.css</mask>
    <mask>*.html</mask>
    <mask>*.jsp</mask>
    <mask>*.properties</mask>
    <mask>*Service.java</mask>
    <mask>*Test.java</mask>
    <mask>pom.xml</mask>
    <mask>*.yaml</mask>
    <mask>*.p</mask>
    <mask>*.puml</mask>
    <mask>*.yml</mask>
    <mask>*.xml</mask>
    <mask>*Request.java</mask>
    <mask>*.sql</mask>
    <mask>*.json</mask>
    <mask>*.java</mask>
  </component>
</application>