<application>
  <component name="GeneralSettings">
    <option name="showTipsOnStartup" value="false" />
    <option name="autoSaveIfInactive" value="true" />
    <option name="confirmExit" value="false" />
    <option name="confirmOpenNewProject2" value="0" />
    <option name="processCloseConfirmation" value="TERMINATE" />
  </component>
  <component name="Registry">
    <entry key="ide.experimental.ui" value="true" source="SYSTEM" />
    <entry key="editor.minimap.enabled" value="true" source="SYSTEM" />
    <entry key="debugger.new.tool.window.layout" value="true" source="SYSTEM" />
    <entry key="ide.tree.experimental.layout.cache" value="false" source="SYSTEM" />
    <entry key="moved.to.new.ui" value="true" source="SYSTEM" />
  </component>
  <component name="StatusBar">
    <option name="widgets">
      <map>
        <entry key="LintStatus" value="false" />
        <entry key="Memory" value="true" />
        <entry key="ReadOnlyAttribute" value="false" />
        <entry key="TranslationWidget" value="false" />
        <entry key="com.github.copilot" value="false" />
        <entry key="kotlin.k2.mode" value="false" />
      </map>
    </option>
  </component>
</application>