<application>
  <component name="IgnoredPluginSuggestions">
    <option name="pluginIds">
      <list>
        <option value="com.intellij.bigdatatools" />
        <option value="com.intellij.reactivestreams" />
        <option value="idea.plugin.protoeditor" />
        <option value="com.intellij.grpc" />
        <option value="com.intellij.spring.websocket" />
        <option value="org.jetbrains.kotlin" />
        <option value="aws.toolkit" />
        <option value="com.haulmont.jpab" />
        <option value="com.intellij.aqua" />
        <option value="com.intellij.bigdatatools.rfs" />
      </list>
    </option>
  </component>
</application>