<application>
  <component name="IntentionManagerSettings">
    <ignoreAction name="CSS/创建选择器" />
    <ignoreAction name="CSS/将 var() 替换为回滚值" />
    <ignoreAction name="CSS/将颜色转换为 #-hex" />
    <ignoreAction name="CSS/将颜色转换为 gray()" />
    <ignoreAction name="CSS/将颜色转换为 hsl()" />
    <ignoreAction name="CSS/将颜色转换为 hwb()" />
    <ignoreAction name="CSS/将颜色转换为 rgb()" />
    <ignoreAction name="CSS/展开速记属性" />
    <ignoreAction name="CSS/应用背景图像的宽度和高度" />
    <ignoreAction name="CSS/提取内联 CSS" />
    <ignoreAction name="CSS/提取图像" />
    <ignoreAction name="CSS/提取规则集" />
    <ignoreAction name="CSS/更改颜色" />
    <ignoreAction name="CSS/替换为颜色名称" />
    <ignoreAction name="CSS/替换引号" />
    <ignoreAction name="HTTP Client/移动 HTTP 请求" />
    <ignoreAction name="HTTP Client/设置保护值的值" />
    <ignoreAction name="HTTP Client/转换为 cURL 并复制到剪贴板" />
    <ignoreAction name="Java EE 持久性/EntityListener 绑定" />
    <ignoreAction name="Java EE 持久性/将“另一侧”特性添加到关系中" />
    <ignoreAction name="Java EE 持久性/添加 EntityListener" />
    <ignoreAction name="JPA Buddy/Create DTO" />
    <ignoreAction name="JPA Buddy/Create JPA Repository" />
    <ignoreAction name="JPA Buddy/Create Referenced Entity" />
    <ignoreAction name="JPA Buddy/Create Spring Data repository method" />
    <ignoreAction name="JPA Buddy/Create inverse attribute " />
    <ignoreAction name="JPA Buddy/Data source" />
    <ignoreAction name="JPA Buddy/Extract JPQL Query" />
    <ignoreAction name="JPA Buddy/Extract JPQL Query and configure..." />
    <ignoreAction name="JPA Buddy/Index/constraint by attribute &quot;&quot;" />
    <ignoreAction name="JPA Buddy/Show DDL..." />
    <ignoreAction name="JPA Buddy/Show JPA Inspector popup" />
    <ignoreAction name="Kotlin/Add '@JvmInline' annotation" />
    <ignoreAction name="Kotlin/为成员添加导入" />
    <ignoreAction name="Kotlin/从 'if' 中解除函数调用" />
    <ignoreAction name="Kotlin/从 lambda 中的最后一个表达式移除带标签的 return" />
    <ignoreAction name="Kotlin/从带 lambda 的函数调用中移除不必要的圆括号" />
    <ignoreAction name="Kotlin/从当前文件中提取声明" />
    <ignoreAction name="Kotlin/使用 withIndex() 代替手动索引增量" />
    <ignoreAction name="Kotlin/使用属性访问语法" />
    <ignoreAction name="Kotlin/使用析构声明" />
    <ignoreAction name="Kotlin/内联 'when' 实参" />
    <ignoreAction name="Kotlin/创建 Kotlin 子类" />
    <ignoreAction name="Kotlin/创建测试" />
    <ignoreAction name="Kotlin/反转 'if' 条件" />
    <ignoreAction name="Kotlin/合并 'else if'" />
    <ignoreAction name="Kotlin/合并 'if'" />
    <ignoreAction name="Kotlin/向所有分支添加大括号" />
    <ignoreAction name="Kotlin/在变量周围插入大括号" />
    <ignoreAction name="Kotlin/在析构声明中显式指定所有类型" />
    <ignoreAction name="Kotlin/在格式化程序中默认启用/禁用尾随逗号" />
    <ignoreAction name="Kotlin/在注释中为调用实参添加名称" />
    <ignoreAction name="Kotlin/实现 abstract 成员" />
    <ignoreAction name="Kotlin/导入带有 '*' 的成员" />
    <ignoreAction name="Kotlin/将 '!!' 表达式替换为 'if' 表达式" />
    <ignoreAction name="Kotlin/将 'String' 串联转换为模板" />
    <ignoreAction name="Kotlin/将 '_' 替换为形参名称" />
    <ignoreAction name="Kotlin/将 'any' 替换为 'all'，反之亦然" />
    <ignoreAction name="Kotlin/将 'any' 替换为 'none'，反之亦然" />
    <ignoreAction name="Kotlin/将 'contains' 调用替换为 'in' 运算符" />
    <ignoreAction name="Kotlin/将 'if' 拆分为两部分" />
    <ignoreAction name="Kotlin/将 'if' 替换为 'when'" />
    <ignoreAction name="Kotlin/将 'if' 表达式替换为 return" />
    <ignoreAction name="Kotlin/将 'invoke' 替换为直接调用" />
    <ignoreAction name="Kotlin/将 'it' 替换为显式形参" />
    <ignoreAction name="Kotlin/将 'try-finally' 替换为 'use()'" />
    <ignoreAction name="Kotlin/将 'val'/'var' 添加到主构造函数形参" />
    <ignoreAction name="Kotlin/将 'when' 替换为 'if'" />
    <ignoreAction name="Kotlin/将 Boolean? == const 转换为 elvis" />
    <ignoreAction name="Kotlin/将 camel-case 名称替换为空格" />
    <ignoreAction name="Kotlin/将 elvis 表达式替换为 'if' 表达式" />
    <ignoreAction name="Kotlin/将 lambda 实参移入圆括号" />
    <ignoreAction name="Kotlin/将 lambda 表达式转换为匿名函数" />
    <ignoreAction name="Kotlin/将 return 替换为 'if' 表达式" />
    <ignoreAction name="Kotlin/将 return 替换为 'when' 表达式" />
    <ignoreAction name="Kotlin/将 snake_case 名称替换为空格" />
    <ignoreAction name="Kotlin/将中缀调用替换为普通调用" />
    <ignoreAction name="Kotlin/将串联文本复制到剪贴板" />
    <ignoreAction name="Kotlin/将串联转换为 'buildString' 调用" />
    <ignoreAction name="Kotlin/将函数类型形参转换为接收器" />
    <ignoreAction name="Kotlin/将函数类型接收器转换为形参" />
    <ignoreAction name="Kotlin/将函数调用替换为 'if'" />
    <ignoreAction name="Kotlin/将函数调用替换为相反的函数调用" />
    <ignoreAction name="Kotlin/将函数转换为属性" />
    <ignoreAction name="Kotlin/将匿名函数转换为 lambda 表达式" />
    <ignoreAction name="Kotlin/将名称添加到实参" />
    <ignoreAction name="Kotlin/将名称添加到此实参和所有后续实参" />
    <ignoreAction name="Kotlin/将名称添加到调用实参" />
    <ignoreAction name="Kotlin/将大小检查替换为 'isNotEmpty'" />
    <ignoreAction name="Kotlin/将大小零检查替换为 'isEmpty'" />
    <ignoreAction name="Kotlin/将安全访问表达式替换为 'if' 表达式" />
    <ignoreAction name="Kotlin/将实参放在单独的行中" />
    <ignoreAction name="Kotlin/将实参放在同一行中" />
    <ignoreAction name="Kotlin/将实参转换为 'Set'" />
    <ignoreAction name="Kotlin/将对象文字转换为 lambda" />
    <ignoreAction name="Kotlin/将对象文字转换为类" />
    <ignoreAction name="Kotlin/将属性 getter 转换为初始值设定项" />
    <ignoreAction name="Kotlin/将属性初始值设定项替换为 'if' 表达式" />
    <ignoreAction name="Kotlin/将属性初始值设定项替换为 'when' 表达式" />
    <ignoreAction name="Kotlin/将属性初始值设定项转换为 getter" />
    <ignoreAction name="Kotlin/将属性转换为函数" />
    <ignoreAction name="Kotlin/将布尔表达式扩展为 'if else'" />
    <ignoreAction name="Kotlin/将带标签的 return 添加到 lambda 中的最后一个表达式" />
    <ignoreAction name="Kotlin/将形参放在单独的行中" />
    <ignoreAction name="Kotlin/将形参放在同一行中" />
    <ignoreAction name="Kotlin/将形参转换为接收器" />
    <ignoreAction name="Kotlin/将成员转换为扩展" />
    <ignoreAction name="Kotlin/将接收器转换为形参" />
    <ignoreAction name="Kotlin/将显式 lambda 形参替换为 'it'" />
    <ignoreAction name="Kotlin/将模板转换为串联字符串" />
    <ignoreAction name="Kotlin/将类重命名为包含文件名称" />
    <ignoreAction name="Kotlin/将索引添加到 'for' 循环" />
    <ignoreAction name="Kotlin/将调用替换为一元运算符" />
    <ignoreAction name="Kotlin/将赋值替换为 'if' 表达式" />
    <ignoreAction name="Kotlin/将赋值替换为 'when' 表达式" />
    <ignoreAction name="Kotlin/将赋值语句转换为表达式" />
    <ignoreAction name="Kotlin/将重载运算符替换为函数调用" />
    <ignoreAction name="Kotlin/将集合构造函数转换为函数" />
    <ignoreAction name="Kotlin/平展 'when' 表达式" />
    <ignoreAction name="Kotlin/引入导入别名" />
    <ignoreAction name="Kotlin/引入局部变量" />
    <ignoreAction name="Kotlin/引入支持属性" />
    <ignoreAction name="Kotlin/德摩根定律" />
    <ignoreAction name="Kotlin/拆分属性声明" />
    <ignoreAction name="Kotlin/指定显式 lambda 签名" />
    <ignoreAction name="Kotlin/显式指定类型" />
    <ignoreAction name="Kotlin/更改软件包" />
    <ignoreAction name="Kotlin/替换为 '+='" />
    <ignoreAction name="Kotlin/替换为 '..' 运算符" />
    <ignoreAction name="Kotlin/替换为 'for' 循环" />
    <ignoreAction name="Kotlin/替换为 'forEach' 函数调用" />
    <ignoreAction name="Kotlin/替换为中缀函数调用" />
    <ignoreAction name="Kotlin/替换为块注释" />
    <ignoreAction name="Kotlin/替换为普通赋值" />
    <ignoreAction name="Kotlin/替换为索引和 elvis 运算符" />
    <ignoreAction name="Kotlin/替换为行尾注释" />
    <ignoreAction name="Kotlin/添加 '@JvmOverloads' 注解" />
    <ignoreAction name="Kotlin/添加 '@JvmStatic' 注解" />
    <ignoreAction name="Kotlin/添加 '@Throws' 注解" />
    <ignoreAction name="Kotlin/添加 'const' 修饰符" />
    <ignoreAction name="Kotlin/添加 getter" />
    <ignoreAction name="Kotlin/添加 getter 和 setter" />
    <ignoreAction name="Kotlin/添加 setter" />
    <ignoreAction name="Kotlin/添加下划线" />
    <ignoreAction name="Kotlin/添加使用站点目标" />
    <ignoreAction name="Kotlin/添加剩余的分支" />
    <ignoreAction name="Kotlin/添加大括号" />
    <ignoreAction name="Kotlin/添加完全限定符" />
    <ignoreAction name="Kotlin/添加显式类型实参" />
    <ignoreAction name="Kotlin/添加缺失的析构组件" />
    <ignoreAction name="Kotlin/添加缺少的 'class' 关键字" />
    <ignoreAction name="Kotlin/由重构造类型替换" />
    <ignoreAction name="Kotlin/目标原始字符串文字" />
    <ignoreAction name="Kotlin/目标普通字符串文字" />
    <ignoreAction name="Kotlin/移出伴生对象" />
    <ignoreAction name="Kotlin/移动到 'build' &gt; 'sourceDirectory' 标记" />
    <ignoreAction name="Kotlin/移动到 'compile' 执行" />
    <ignoreAction name="Kotlin/移动到伴生对象" />
    <ignoreAction name="Kotlin/移动到构造函数" />
    <ignoreAction name="Kotlin/移动到类主体" />
    <ignoreAction name="Kotlin/移动到顶层" />
    <ignoreAction name="Kotlin/移除 'for' 循环中的索引" />
    <ignoreAction name="Kotlin/移除下划线" />
    <ignoreAction name="Kotlin/移除不必要的圆括号" />
    <ignoreAction name="Kotlin/移除冗余的空类主体" />
    <ignoreAction name="Kotlin/移除单表达式字符串模板" />
    <ignoreAction name="Kotlin/移除大括号" />
    <ignoreAction name="Kotlin/移除实参名称" />
    <ignoreAction name="Kotlin/移除所有分支中的大括号" />
    <ignoreAction name="Kotlin/移除显式 lambda 形参类型(可能中断代码)" />
    <ignoreAction name="Kotlin/移除显式父类型限定" />
    <ignoreAction name="Kotlin/移除显式类型实参" />
    <ignoreAction name="Kotlin/移除显式类型规范" />
    <ignoreAction name="Kotlin/移除构造函数关键字" />
    <ignoreAction name="Kotlin/移除空主构造函数" />
    <ignoreAction name="Kotlin/移除空构造函数主体" />
    <ignoreAction name="Kotlin/移除转换方法的冗余调用" />
    <ignoreAction name="Kotlin/简化布尔表达式" />
    <ignoreAction name="Kotlin/缩进原始字符串" />
    <ignoreAction name="Kotlin/翻转 'equals'" />
    <ignoreAction name="Kotlin/翻转二进制表达式" />
    <ignoreAction name="Kotlin/联接声明和赋值" />
    <ignoreAction name="Kotlin/设为 'open'" />
    <ignoreAction name="Kotlin/设为internal" />
    <ignoreAction name="Kotlin/设为private" />
    <ignoreAction name="Kotlin/设为protected" />
    <ignoreAction name="Kotlin/设为public" />
    <ignoreAction name="Kotlin/评估编译时表达式" />
    <ignoreAction name="Kotlin/转换为 'buildString' 调用" />
    <ignoreAction name="Kotlin/转换为 also" />
    <ignoreAction name="Kotlin/转换为 apply" />
    <ignoreAction name="Kotlin/转换为 lateinit 变量" />
    <ignoreAction name="Kotlin/转换为 run" />
    <ignoreAction name="Kotlin/转换为 unsafeCast() 调用" />
    <ignoreAction name="Kotlin/转换为 vararg 形参" />
    <ignoreAction name="Kotlin/转换为 with" />
    <ignoreAction name="Kotlin/转换为不安全的转换" />
    <ignoreAction name="Kotlin/转换为主构造函数" />
    <ignoreAction name="Kotlin/转换为匿名对象" />
    <ignoreAction name="Kotlin/转换为单行 lambda" />
    <ignoreAction name="Kotlin/转换为可为 null 变量" />
    <ignoreAction name="Kotlin/转换为块主体" />
    <ignoreAction name="Kotlin/转换为多行 lambda" />
    <ignoreAction name="Kotlin/转换为密封类" />
    <ignoreAction name="Kotlin/转换为对象声明" />
    <ignoreAction name="Kotlin/转换为延迟属性" />
    <ignoreAction name="Kotlin/转换为数组形参" />
    <ignoreAction name="Kotlin/转换为普通属性" />
    <ignoreAction name="Kotlin/转换为枚举类" />
    <ignoreAction name="Kotlin/转换为比较" />
    <ignoreAction name="Kotlin/转换为索引函数调用" />
    <ignoreAction name="Kotlin/转换为辅助构造函数" />
    <ignoreAction name="Kotlin/迭代集合" />
    <ignoreAction name="Kotlin/重命名文件以匹配顶层类名" />
    <ignoreAction name="Java/Other/Change access modifier" />
    <ignoreAction name="Java/Declaration/Split declaration" />
    <ignoreAction name="Other/Auto fill call parameters" />
    <ignoreAction name="Java/Annotations/Edit method contract" />
    <ignoreAction name="Java/Refactorings/Introduce local variable" />
    <ignoreAction name="Other/Rollback changes in current line" />
    <ignoreAction name="Other/Put elements on multiple lines" />
    <ignoreAction name="HTTP Client/Switch environment" />
    <ignoreAction name="HTTP Client/Convert to cURL and copy to clipboard" />
    <ignoreAction name="HTTP Client/Move HTTP Requests" />
    <ignoreAction name="Language injection/Edit injected fragment" />
    <ignoreAction name="CSS/Apply width and height of background image" />
    <ignoreAction name="CSS/Change color" />
    <ignoreAction name="CSS/Convert color to #-hex" />
    <ignoreAction name="CSS/Convert color to gray()" />
    <ignoreAction name="CSS/Convert color to hsl()" />
    <ignoreAction name="CSS/Convert color to hwb()" />
    <ignoreAction name="CSS/Convert color to rgb()" />
    <ignoreAction name="CSS/Create selector" />
    <ignoreAction name="CSS/Expand shorthand property" />
    <ignoreAction name="CSS/Extract image" />
    <ignoreAction name="CSS/Extract inline CSS" />
    <ignoreAction name="CSS/Extract ruleset" />
    <ignoreAction name="CSS/Replace quotes" />
    <ignoreAction name="CSS/Replace var() with its fallback value" />
    <ignoreAction name="CSS/Replace with color name" />
    <ignoreAction name="Kotlin/Add '@JvmOverloads' annotation" />
    <ignoreAction name="Kotlin/Add '@JvmStatic' annotation" />
    <ignoreAction name="Kotlin/Add '@Throws' annotation" />
    <ignoreAction name="Kotlin/Add 'val' or 'var' to a primary constructor parameter" />
    <ignoreAction name="Kotlin/Add braces" />
    <ignoreAction name="Kotlin/Add braces to all branches" />
    <ignoreAction name="Kotlin/Add explicit type arguments" />
    <ignoreAction name="Kotlin/Add full qualifier" />
    <ignoreAction name="Kotlin/Add getter" />
    <ignoreAction name="Kotlin/Add getter and setter" />
    <ignoreAction name="Kotlin/Add import for member" />
    <ignoreAction name="Kotlin/Add indices to 'for' loop" />
    <ignoreAction name="Kotlin/Add labeled return to the last expression in a lambda" />
    <ignoreAction name="Kotlin/Add missing 'class' keyword" />
    <ignoreAction name="Kotlin/Add missing destructuring component" />
    <ignoreAction name="Kotlin/Add name to the argument" />
    <ignoreAction name="Kotlin/Add names in comment to call arguments" />
    <ignoreAction name="Kotlin/Add names to call arguments" />
    <ignoreAction name="Kotlin/Add names to this argument and all following arguments" />
    <ignoreAction name="Kotlin/Add remaining branches" />
    <ignoreAction name="Kotlin/Add setter" />
    <ignoreAction name="Kotlin/Add underscores" />
    <ignoreAction name="Kotlin/Add use-site target" />
    <ignoreAction name="Kotlin/Change package" />
    <ignoreAction name="Kotlin/Convert 'String' concatenation to a template" />
    <ignoreAction name="Kotlin/Convert Boolean? == const to elvis" />
    <ignoreAction name="Kotlin/Convert Collection constructor to function" />
    <ignoreAction name="Kotlin/Convert anonymous function to a lambda expression" />
    <ignoreAction name="Kotlin/Convert argument to 'Set'" />
    <ignoreAction name="Kotlin/Convert concatenation to 'buildString' call" />
    <ignoreAction name="Kotlin/Convert function to property" />
    <ignoreAction name="Kotlin/Convert function type parameter to receiver" />
    <ignoreAction name="Kotlin/Convert function type receiver to parameter" />
    <ignoreAction name="Kotlin/Convert lambda expression to anonymous function" />
    <ignoreAction name="Kotlin/Convert member to extension" />
    <ignoreAction name="Kotlin/Convert object literal to class" />
    <ignoreAction name="Kotlin/Convert parameter to receiver" />
    <ignoreAction name="Kotlin/Convert property getter to initializer" />
    <ignoreAction name="Kotlin/Convert property initializer to getter" />
    <ignoreAction name="Kotlin/Convert property to function" />
    <ignoreAction name="Kotlin/Convert receiver to parameter" />
    <ignoreAction name="Kotlin/Convert template to concatenated string" />
    <ignoreAction name="Kotlin/Convert to 'buildString' call" />
    <ignoreAction name="Kotlin/Convert to 'trimIndent()' call" />
    <ignoreAction name="Kotlin/Convert to 'trimMargin()' call" />
    <ignoreAction name="Kotlin/Convert to also" />
    <ignoreAction name="Kotlin/Convert to anonymous object" />
    <ignoreAction name="Kotlin/Convert to apply" />
    <ignoreAction name="Kotlin/Convert to array parameter" />
    <ignoreAction name="Kotlin/Convert to block body" />
    <ignoreAction name="Kotlin/Convert to comparisons" />
    <ignoreAction name="Kotlin/Convert to enum class" />
    <ignoreAction name="Kotlin/Convert to indexed function call" />
    <ignoreAction name="Kotlin/Convert to lateinit var" />
    <ignoreAction name="Kotlin/Convert to lazy property" />
    <ignoreAction name="Kotlin/Convert to multi-line lambda" />
    <ignoreAction name="Kotlin/Convert to nullable var" />
    <ignoreAction name="Kotlin/Convert to object declaration" />
    <ignoreAction name="Kotlin/Convert to ordinary property" />
    <ignoreAction name="Kotlin/Convert to primary constructor" />
    <ignoreAction name="Kotlin/Convert to run" />
    <ignoreAction name="Kotlin/Convert to sealed class" />
    <ignoreAction name="Kotlin/Convert to secondary constructor" />
    <ignoreAction name="Kotlin/Convert to single-line lambda" />
    <ignoreAction name="Kotlin/Convert to unsafe cast" />
    <ignoreAction name="Kotlin/Convert to unsafeCast() call" />
    <ignoreAction name="Kotlin/Convert to vararg parameter" />
    <ignoreAction name="Kotlin/Convert to with" />
    <ignoreAction name="Kotlin/Converts the assignment statement to an expression" />
    <ignoreAction name="Kotlin/Copy concatenation text to clipboard" />
    <ignoreAction name="Kotlin/Create Kotlin subclass" />
    <ignoreAction name="Kotlin/Create test" />
    <ignoreAction name="Kotlin/DeMorgan Law" />
    <ignoreAction name="Kotlin/Enable/disable a trailing comma in the formatter" />
    <ignoreAction name="Kotlin/Evaluate compile-time expression" />
    <ignoreAction name="Kotlin/Expand boolean expression to 'if else'" />
    <ignoreAction name="Kotlin/Extract declaration from current file" />
    <ignoreAction name="Kotlin/Flatten 'when' expression" />
    <ignoreAction name="Kotlin/Flip 'equals'" />
    <ignoreAction name="Kotlin/Flip binary expression" />
    <ignoreAction name="Kotlin/Implement abstract member" />
    <ignoreAction name="Kotlin/Import members with '*'" />
    <ignoreAction name="Kotlin/Indent raw string" />
    <ignoreAction name="Kotlin/Inline 'when' argument" />
    <ignoreAction name="Kotlin/Insert curly braces around variable" />
    <ignoreAction name="Kotlin/Introduce backing property" />
    <ignoreAction name="Kotlin/Introduce import alias" />
    <ignoreAction name="Kotlin/Introduce local variable" />
    <ignoreAction name="Kotlin/Invert 'if' condition" />
    <ignoreAction name="Kotlin/Iterate over collection" />
    <ignoreAction name="Kotlin/Join declaration and assignment" />
    <ignoreAction name="Kotlin/Lift function call out of 'if'" />
    <ignoreAction name="Kotlin/Make 'open'" />
    <ignoreAction name="Kotlin/Make internal" />
    <ignoreAction name="Kotlin/Make private" />
    <ignoreAction name="Kotlin/Make protected" />
    <ignoreAction name="Kotlin/Make public" />
    <ignoreAction name="Kotlin/Merge 'else if'" />
    <ignoreAction name="Kotlin/Merge 'if's" />
    <ignoreAction name="Kotlin/Move lambda argument into parentheses" />
    <ignoreAction name="Kotlin/Move out of companion object" />
    <ignoreAction name="Kotlin/Move to 'build' &gt; 'sourceDirectory' tag" />
    <ignoreAction name="Kotlin/Move to 'compile' execution" />
    <ignoreAction name="Kotlin/Move to class body" />
    <ignoreAction name="Kotlin/Move to companion object" />
    <ignoreAction name="Kotlin/Move to constructor" />
    <ignoreAction name="Kotlin/Move to top level" />
    <ignoreAction name="Kotlin/Put arguments on one line" />
    <ignoreAction name="Kotlin/Put arguments on separate lines" />
    <ignoreAction name="Kotlin/Put calls on separate lines" />
    <ignoreAction name="Kotlin/Put expressions on separate lines" />
    <ignoreAction name="Kotlin/Put parameters on one line" />
    <ignoreAction name="Kotlin/Put parameters on separate lines" />
    <ignoreAction name="Kotlin/Remove all argument names" />
    <ignoreAction name="Kotlin/Remove argument name" />
    <ignoreAction name="Kotlin/Remove braces" />
    <ignoreAction name="Kotlin/Remove braces from all branches" />
    <ignoreAction name="Kotlin/Remove explicit lambda parameter types (may break code)" />
    <ignoreAction name="Kotlin/Remove explicit type specification" />
    <ignoreAction name="Kotlin/Remove labeled return from last expression in a lambda" />
    <ignoreAction name="Kotlin/Remove single-expression string template" />
    <ignoreAction name="Kotlin/Remove underscores" />
    <ignoreAction name="Kotlin/Remove unnecessary parentheses" />
    <ignoreAction name="Kotlin/Rename class to containing file name" />
    <ignoreAction name="Kotlin/Rename file to match top-level class name" />
    <ignoreAction name="Kotlin/Replace '!!' expression with 'if' expression" />
    <ignoreAction name="Kotlin/Replace '_' with parameter name" />
    <ignoreAction name="Kotlin/Replace 'any' with 'all' and vice versa" />
    <ignoreAction name="Kotlin/Replace 'any' with 'none' and vice versa" />
    <ignoreAction name="Kotlin/Replace 'contains' call with 'in' operator" />
    <ignoreAction name="Kotlin/Replace 'if' expression with return" />
    <ignoreAction name="Kotlin/Replace 'if' with 'when'" />
    <ignoreAction name="Kotlin/Replace 'invoke' with direct call" />
    <ignoreAction name="Kotlin/Replace 'it' with explicit parameter" />
    <ignoreAction name="Kotlin/Replace 'when' with 'if'" />
    <ignoreAction name="Kotlin/Replace assignment with 'if' expression" />
    <ignoreAction name="Kotlin/Replace assignment with 'when' expression" />
    <ignoreAction name="Kotlin/Replace by reconstructed type" />
    <ignoreAction name="Kotlin/Replace call with unary operator" />
    <ignoreAction name="Kotlin/Replace camel-case name with spaces" />
    <ignoreAction name="Kotlin/Replace elvis expression with 'if' expression" />
    <ignoreAction name="Kotlin/Replace explicit lambda parameter with 'it'" />
    <ignoreAction name="Kotlin/Replace function call with 'if'" />
    <ignoreAction name="Kotlin/Replace function call with the opposite" />
    <ignoreAction name="Kotlin/Replace infix call with ordinary call" />
    <ignoreAction name="Kotlin/Replace overloaded operator with function call" />
    <ignoreAction name="Kotlin/Replace property initializer with 'if' expression" />
    <ignoreAction name="Kotlin/Replace property initializer with 'when' expression" />
    <ignoreAction name="Kotlin/Replace return with 'if' expression" />
    <ignoreAction name="Kotlin/Replace return with 'when' expression" />
    <ignoreAction name="Kotlin/Replace safe access expression with 'if' expression" />
    <ignoreAction name="Kotlin/Replace snake_case name with spaces" />
    <ignoreAction name="Kotlin/Replace with '+='" />
    <ignoreAction name="Kotlin/Replace with '..' operator" />
    <ignoreAction name="Kotlin/Replace with a 'for' loop" />
    <ignoreAction name="Kotlin/Replace with a 'forEach' function call" />
    <ignoreAction name="Kotlin/Replace with block comment" />
    <ignoreAction name="Kotlin/Replace with end of line comment" />
    <ignoreAction name="Kotlin/Replace with indexing and elvis operator" />
    <ignoreAction name="Kotlin/Replace with infix function call" />
    <ignoreAction name="Kotlin/Replace with ordinary assignment" />
    <ignoreAction name="Kotlin/Simplify boolean expression" />
    <ignoreAction name="Kotlin/Specify all types explicitly in destructuring declaration" />
    <ignoreAction name="Kotlin/Specify explicit lambda signature" />
    <ignoreAction name="Kotlin/Specify type explicitly" />
    <ignoreAction name="Kotlin/Split 'if' into two" />
    <ignoreAction name="Kotlin/Split property declaration" />
    <ignoreAction name="Kotlin/To ordinary string literal" />
    <ignoreAction name="Kotlin/To raw string literal" />
    <ignoreAction name="Kotlin/Use destructuring declaration" />
    <ignoreAction name="MongoDB JSON/Sort properties alphabetically" />
  </component>
</application>