<application>
  <component name="NotificationConfiguration">
    <notification groupId="Accepted language levels" displayType="NONE" />
    <notification groupId="Branch Context group" displayType="NONE" />
    <notification groupId="File type conflict" displayType="NONE" />
    <notification groupId="Json Parser" displayType="NONE" />
    <notification groupId="Language Plugins Notifications" displayType="NONE" />
    <notification groupId="mybatisCodeHelper" displayType="NONE" />
    <notification groupId="Vcs Notifications" displayType="NONE" />
  </component>
</application>