<application>
  <component name="ProjectManager">
    <defaultProject>
      <component name="PropertiesComponent">{
  &quot;keyToString&quot;: {
    &quot;settings.editor.selected.configurable&quot;: &quot;org.ideplugins.PluginSettingsConfigurable&quot;
  }
}</component>
      <component name="WindowStateProjectService">
        <state x="461" y="147" key="SettingsEditor" timestamp="1715063695255">
          <screen x="0" y="0" width="1920" height="1032" />
        </state>
        <state x="461" y="147" key="SettingsEditor/0.0.1920.1032/1920.0.1920.1032/0.1080.1536.816" timestamp="1715063695255" />
      </component>
      <component name="masterDetails">
        <states>
          <state key="ProjectJDKs.UI">
            <settings>
              <last-edited>21</last-edited>
              <splitter-proportions>
                <option name="proportions">
                  <list>
                    <option value="0.2" />
                  </list>
                </option>
              </splitter-proportions>
            </settings>
          </state>
        </states>
      </component>
    </defaultProject>
  </component>
</application>