<application>
  <component name="RemoteServers">
    <remote-server name="Docker" type="docker">
      <configuration>
        <option name="apiUrl" value="http://127.0.0.1" />
        <option name="autoDetectExePaths" value="true" />
        <option name="certificatesPath" />
        <option name="connected" value="true" />
        <entry contributedKey="DockerWslConnectionConfigurator.distribution" value="Ubuntu" />
        <option name="customConfiguratorId" value="DockerWslConnectionConfigurator" />
        <option name="dockerComposeExePath" value="/usr/bin/docker" />
        <option name="dockerExePath" value="/usr/bin/docker" />
      </configuration>
    </remote-server>
  </component>
</application>