<application>
  <component name="CachedDictionaryState">
    <words>
      <w>acks</w>
      <w>authpay</w>
      <w>dmaven</w>
      <w>dtos</w>
      <w>dwad</w>
      <w>enviroment</w>
      <w>erickuo</w>
      <w>featbit</w>
      <w>ftpserver</w>
      <w>gsons</w>
      <w>infobip</w>
      <w>jkopay</w>
      <w>jkos</w>
      <w>jkosid</w>
      <w>kafkas</w>
      <w>liao</w>
      <w>msgbox</w>
      <w>msghub</w>
      <w>mybatisflex</w>
      <w>mymaster</w>
      <w>onlinepay</w>
      <w>orderable</w>
      <w>pathmatch</w>
      <w>pkuo</w>
      <w>projectlombok</w>
      <w>protobufs</w>
      <w>skywalking</w>
      <w>springdatajpa</w>
      <w>substitutor</w>
      <w>taxidnumber</w>
      <w>uapi</w>
    </words>
  </component>
</application>