<application>
  <component name="TextMateBuiltinBundlesSettings">
    <option name="turnedOffBundleNames">
      <list>
        <option value="clojure" />
        <option value="cmake" />
        <option value="coffeescript" />
        <option value="cpp" />
        <option value="csharp" />
        <option value="css" />
        <option value="dart" />
        <option value="diff" />
        <option value="erlang" />
        <option value="fsharp" />
        <option value="go" />
        <option value="handlebars" />
        <option value="hlsl" />
        <option value="julia" />
        <option value="kotlin" />
        <option value="latex" />
        <option value="less" />
        <option value="make" />
        <option value="mdx" />
        <option value="objective-c" />
        <option value="perl" />
        <option value="php" />
        <option value="pug" />
        <option value="python" />
        <option value="r" />
        <option value="razor" />
        <option value="restructuredtext" />
        <option value="ruby" />
        <option value="rust" />
        <option value="scss" />
        <option value="shaderlab" />
        <option value="swift" />
        <option value="twig" />
        <option value="vb" />
        <option value="viml" />
      </list>
    </option>
  </component>
</application>