<application>
  <component name="ToStringTemplates" defaultTemplateName="json">
    <option name="templates">
      <list>
        <TemplateResource>
          <option name="fileName" value="json" />
          <option name="template" value="public java.lang.String toString() {&#10;#if ( $members.size() &gt; 0 )&#10;#set ( $i = 0 )&#10;return &quot;{&quot;&#10;#foreach( $member in $members )&#10;#if ( $i == 0 )&#10;+ &quot;##&#10;#else&#10;+ &quot;, ##&#10;#end&#10;#if ( $member.array )&#10;\&quot;$member.name\&quot;:&quot; + java.util.Arrays.toString($member.accessor)&#10;#elseif ( $member.string || $member.primitive || $member.numeric || $member.boolean || $member.enum )&#10;\&quot;$member.name\&quot;:\&quot;&quot; + $member.accessor + &quot;\&quot;&quot;&#10;#else&#10;\&quot;$member.name\&quot;:&quot; + $member.accessor&#10;#end&#10;#set ( $i = $i + 1 )&#10;#end&#10;+ &quot;}&quot;;&#10;#else&#10;return &quot;{$classname}&quot;;&#10;#end&#10;}" />
        </TemplateResource>
      </list>
    </option>
  </component>
</application>