<application>
  <component name="Trusted.Paths">
    <option name="TRUSTED_PROJECT_PATHS">
      <map>
        <entry key="C:\Users\eric.kuo\work\workspace\hackathon" value="true" />
        <entry key="C:\Users\eric.kuo\work\workspace\idea-custom-postfix-template" value="true" />
        <entry key="C:\Users\eric.kuo\work\workspace\infra" value="true" />
        <entry key="C:\Users\eric.kuo\work\workspace\java\sample" value="true" />
        <entry key="C:\Users\eric.kuo\work\workspace\package\msghub-api-client" value="true" />
        <entry key="C:\Users\eric.kuo\work\workspace\rd3\demo" value="true" />
        <entry key="C:\Users\eric.kuo\work\workspace\rd3\jkopay-campaign" value="true" />
        <entry key="C:\Users\eric.kuo\work\workspace\rd3\jkopay-campaign\app" value="true" />
        <entry key="C:\Users\eric.kuo\work\workspace\rd3\jkopay-ebpp" value="true" />
        <entry key="C:\Users\eric.kuo\work\workspace\rd3\jkopay-svc-ebpp" value="true" />
        <entry key="C:\Users\eric.kuo\work\workspace\rd3\jkos-donation" value="true" />
        <entry key="C:\Users\eric.kuo\work\workspace\rd3\jkos-msghub-stack" value="true" />
        <entry key="C:\Users\eric.kuo\work\workspace\rd3\jkos-msghub-stack\jkos-svc-socketserver" value="true" />
        <entry key="C:\Users\eric.kuo\work\workspace\rd3\jkos-socket" value="true" />
        <entry key="C:\Users\eric.kuo\work\workspace\rd3\jkos-socketserver" value="true" />
        <entry key="C:\Users\eric.kuo\work\workspace\rd3\jkos-utils" value="true" />
        <entry key="C:\Users\eric.kuo\work\workspace\rd3\msghub-api-client" value="true" />
        <entry key="C:\Users\eric.kuo\work\workspace\rd3\spring-template" value="true" />
        <entry key="C:\Users\eric.kuo\work\workspace\rd4\jkopay-app-svc" value="true" />
        <entry key="C:\Users\eric.kuo\work\workspace\rd4\jkopay-membership-rank" value="true" />
        <entry key="C:\Users\eric.kuo\work\workspace\rd4\jkos-app-svc" value="true" />
        <entry key="C:\Users\eric.kuo\work\workspace\side\demo" value="true" />
        <entry key="C:\Users\eric.kuo\work\workspace\side\jkos-msghub-stack" value="true" />
        <entry key="C:\Users\eric.kuo\work\workspace\sre\jkos\service-check" value="true" />
        <entry key="D:\workspace\java\hackathon" value="true" />
        <entry key="D:\workspace\java\info-sync" value="true" />
        <entry key="D:\workspace\java\leetcode" value="true" />
        <entry key="D:\workspace\java\shardingsphere-plugin" value="true" />
        <entry key="D:\workspace\java\trace-tool" value="true" />
        <entry key="D:\workspace\java\tw-validation-java" value="true" />
      </map>
    </option>
  </component>
  <component name="Trusted.Paths.Settings">
    <option name="TRUSTED_PATHS">
      <list>
        <option value="C:\Users\eric.kuo\work\workspace\rd3" />
        <option value="C:\Users\eric.kuo\work\workspace\sre\jkos" />
        <option value="C:\Users\eric.kuo\work\workspace\rd4" />
        <option value="C:\Users\eric.kuo\work\workspace" />
        <option value="D:\workspace\java" />
      </list>
    </option>
  </component>
</application>