<application>
  <component name="DimensionService">
    <location key="find.popup.0.0.2560.1440@120dpi" x="328" y="93" />
    <location key="find.popup.0.0.2561.1440@144dpi" x="329" y="92" />
    <location key="find.popup.-450.-1800.2560.1440@120dpi" x="-121" y="-1707" />
    <location key="find.popup.0.0.1920.1080@120dpi" x="-122" y="-1707" />
    <location key="find.popup.2200.-1080.1920.1080" x="2382" y="-948" />
    <location key="find.popup.448.1800.1920.1080@120dpi" x="51" y="181" />
    <location key="find.popup.2560.360.1920.1080" x="2806" y="429" />
    <location key="find.popup.2560.0.1920.1080" x="263" y="74" />
    <location key="find.popup.0.0.1920.1080" x="246" y="69" />
    <location key="REMOTE_DEVELOPMENT_CONNECTION.0.0.1920.1080@120dpi" x="452" y="89" />
    <location key="find.popup.1920.565.1920.1080" x="2166" y="634" />
    <location key="find.popup.0.1800.1920.1080@120dpi" x="54" y="139" />
    <location key="find.popup.2560.369.1920.1080" x="3284" y="496" />
    <size key="GridCell.Tab.0.left.0.0.2560.1440@120dpi" width="1962" height="430" />
    <size key="GridCell.Tab.0.center.0.0.2560.1440@120dpi" width="1962" height="430" />
    <size key="GridCell.Tab.0.right.0.0.2560.1440@120dpi" width="1962" height="430" />
    <size key="GridCell.Tab.0.bottom.0.0.2560.1440@120dpi" width="1962" height="430" />
    <size key="GridCell.Tab.1.left.0.0.2560.1440@120dpi" width="1962" height="430" />
    <size key="GridCell.Tab.1.center.0.0.2560.1440@120dpi" width="1962" height="430" />
    <size key="GridCell.Tab.1.right.0.0.2560.1440@120dpi" width="1962" height="430" />
    <size key="GridCell.Tab.1.bottom.0.0.2560.1440@120dpi" width="1962" height="430" />
    <size key="GridCell.Tab.0.left.2560.0.1920.1080" width="1920" height="949" />
    <size key="GridCell.Tab.0.center.2560.0.1920.1080" width="1920" height="949" />
    <size key="GridCell.Tab.0.right.2560.0.1920.1080" width="1920" height="949" />
    <size key="GridCell.Tab.0.bottom.2560.0.1920.1080" width="1920" height="949" />
    <size key="GridCell.Tab.1.left.2560.0.1920.1080" width="145" height="-70" />
    <size key="GridCell.Tab.1.center.2560.0.1920.1080" width="145" height="-70" />
    <size key="GridCell.Tab.1.right.2560.0.1920.1080" width="145" height="-70" />
    <size key="GridCell.Tab.1.bottom.2560.0.1920.1080" width="145" height="-70" />
    <size key="GridCell.Tab.0.left.0.0.2561.1440@144dpi" width="2052" height="371" />
    <size key="GridCell.Tab.0.center.0.0.2561.1440@144dpi" width="2052" height="371" />
    <size key="GridCell.Tab.0.right.0.0.2561.1440@144dpi" width="2052" height="371" />
    <size key="GridCell.Tab.0.bottom.0.0.2561.1440@144dpi" width="2052" height="371" />
    <size key="GridCell.Tab.1.left.0.0.2561.1440@144dpi" width="2061" height="1245" />
    <size key="GridCell.Tab.1.center.0.0.2561.1440@144dpi" width="2061" height="1245" />
    <size key="GridCell.Tab.1.right.0.0.2561.1440@144dpi" width="2061" height="1245" />
    <size key="GridCell.Tab.1.bottom.0.0.2561.1440@144dpi" width="2061" height="1245" />
    <size key="find.popup.0.0.2560.1440@120dpi" width="800" height="813" />
    <size key="GridCell.Tab.2.left.0.0.2560.1440@120dpi" width="1962" height="520" />
    <size key="GridCell.Tab.2.center.0.0.2560.1440@120dpi" width="1962" height="520" />
    <size key="GridCell.Tab.2.right.0.0.2560.1440@120dpi" width="1962" height="520" />
    <size key="GridCell.Tab.2.bottom.0.0.2560.1440@120dpi" width="1962" height="520" />
    <size key="find.popup.0.0.2561.1440@144dpi" width="1862" height="1167" />
    <size key="GridCell.Tab.0.left.785.-1350.1920.1080@120dpi" width="1818" height="449" />
    <size key="GridCell.Tab.0.center.785.-1350.1920.1080@120dpi" width="1818" height="449" />
    <size key="GridCell.Tab.0.right.785.-1350.1920.1080@120dpi" width="1818" height="449" />
    <size key="GridCell.Tab.0.bottom.785.-1350.1920.1080@120dpi" width="1818" height="449" />
    <size key="GridCell.Tab.0.left.0.1800.1920.1080@120dpi" width="1920" height="917" />
    <size key="GridCell.Tab.0.center.0.1800.1920.1080@120dpi" width="1920" height="917" />
    <size key="GridCell.Tab.0.right.0.1800.1920.1080@120dpi" width="1920" height="917" />
    <size key="GridCell.Tab.0.bottom.0.1800.1920.1080@120dpi" width="1920" height="917" />
    <size key="GridCell.Tab.0.left.2200.-1080.1920.1080" width="1669" height="950" />
    <size key="GridCell.Tab.0.center.2200.-1080.1920.1080" width="1669" height="950" />
    <size key="GridCell.Tab.0.right.2200.-1080.1920.1080" width="1669" height="950" />
    <size key="GridCell.Tab.0.bottom.2200.-1080.1920.1080" width="1669" height="950" />
    <size key="GridCell.Tab.1.left.2200.-1080.1920.1080" width="1669" height="950" />
    <size key="GridCell.Tab.1.center.2200.-1080.1920.1080" width="1669" height="950" />
    <size key="GridCell.Tab.1.right.2200.-1080.1920.1080" width="1669" height="950" />
    <size key="GridCell.Tab.1.bottom.2200.-1080.1920.1080" width="1669" height="950" />
    <size key="find.popup.-450.-1800.2560.1440@120dpi" width="1860" height="1177" />
    <size key="GridCell.Tab.0.left.-450.-1800.2560.1440@120dpi" width="1920" height="918" />
    <size key="GridCell.Tab.0.center.-450.-1800.2560.1440@120dpi" width="1920" height="918" />
    <size key="GridCell.Tab.0.right.-450.-1800.2560.1440@120dpi" width="1920" height="918" />
    <size key="GridCell.Tab.0.bottom.-450.-1800.2560.1440@120dpi" width="1920" height="918" />
    <size key="GridCell.Tab.1.left.-450.-1800.2560.1440@120dpi" width="2087" height="1188" />
    <size key="GridCell.Tab.1.center.-450.-1800.2560.1440@120dpi" width="2087" height="1188" />
    <size key="GridCell.Tab.1.right.-450.-1800.2560.1440@120dpi" width="2087" height="1188" />
    <size key="GridCell.Tab.1.bottom.-450.-1800.2560.1440@120dpi" width="2087" height="1188" />
    <size key="GridCell.Tab.0.left.0.0.1920.1080@120dpi" width="1488" height="302" />
    <size key="GridCell.Tab.0.center.0.0.1920.1080@120dpi" width="1488" height="302" />
    <size key="GridCell.Tab.0.right.0.0.1920.1080@120dpi" width="1488" height="302" />
    <size key="GridCell.Tab.0.bottom.0.0.1920.1080@120dpi" width="1488" height="302" />
    <size key="GridCell.Tab.1.left.0.0.1920.1080@120dpi" width="1488" height="302" />
    <size key="GridCell.Tab.1.center.0.0.1920.1080@120dpi" width="1488" height="302" />
    <size key="GridCell.Tab.1.right.0.0.1920.1080@120dpi" width="1488" height="302" />
    <size key="GridCell.Tab.1.bottom.0.0.1920.1080@120dpi" width="1488" height="302" />
    <size key="find.popup.0.0.1920.1080@120dpi" width="2135" height="1137" />
    <size key="GridCell.Tab.2.left.-450.-1800.2560.1440@120dpi" width="2103" height="1188" />
    <size key="GridCell.Tab.2.center.-450.-1800.2560.1440@120dpi" width="2103" height="1188" />
    <size key="GridCell.Tab.2.right.-450.-1800.2560.1440@120dpi" width="2103" height="1188" />
    <size key="GridCell.Tab.2.bottom.-450.-1800.2560.1440@120dpi" width="2103" height="1188" />
    <size key="GridCell.Tab.2.left.2200.-1080.1920.1080" width="1682" height="950" />
    <size key="GridCell.Tab.2.center.2200.-1080.1920.1080" width="1682" height="950" />
    <size key="GridCell.Tab.2.right.2200.-1080.1920.1080" width="1682" height="950" />
    <size key="GridCell.Tab.2.bottom.2200.-1080.1920.1080" width="1682" height="950" />
    <size key="find.popup.2200.-1080.1920.1080" width="645" height="560" />
    <size key="GridCell.Tab.0.left.448.1800.1920.1080@120dpi" width="165" height="-55" />
    <size key="GridCell.Tab.0.center.448.1800.1920.1080@120dpi" width="165" height="-55" />
    <size key="GridCell.Tab.0.right.448.1800.1920.1080@120dpi" width="165" height="-55" />
    <size key="GridCell.Tab.0.bottom.448.1800.1920.1080@120dpi" width="165" height="-55" />
    <size key="GridCell.Tab.0.left.2560.360.1920.1080" width="1920" height="950" />
    <size key="GridCell.Tab.0.center.2560.360.1920.1080" width="1920" height="950" />
    <size key="GridCell.Tab.0.right.2560.360.1920.1080" width="1920" height="950" />
    <size key="GridCell.Tab.0.bottom.2560.360.1920.1080" width="1920" height="950" />
    <size key="GridCell.Tab.1.left.2560.360.1920.1080" width="1669" height="950" />
    <size key="GridCell.Tab.1.center.2560.360.1920.1080" width="1669" height="950" />
    <size key="GridCell.Tab.1.right.2560.360.1920.1080" width="1669" height="950" />
    <size key="GridCell.Tab.1.bottom.2560.360.1920.1080" width="1669" height="950" />
    <size key="GridCell.Tab.1.left.448.1800.1920.1080@120dpi" width="1920" height="918" />
    <size key="GridCell.Tab.1.center.448.1800.1920.1080@120dpi" width="1920" height="918" />
    <size key="GridCell.Tab.1.right.448.1800.1920.1080@120dpi" width="1920" height="918" />
    <size key="GridCell.Tab.1.bottom.448.1800.1920.1080@120dpi" width="1920" height="918" />
    <size key="find.popup.448.1800.1920.1080@120dpi" width="2460" height="1163" />
    <size key="find.popup.2560.360.1920.1080" width="1602" height="850" />
    <size key="GridCell.Tab.2.left.448.1800.1920.1080@120dpi" width="942" height="908" />
    <size key="GridCell.Tab.2.center.448.1800.1920.1080@120dpi" width="942" height="908" />
    <size key="GridCell.Tab.2.right.448.1800.1920.1080@120dpi" width="942" height="908" />
    <size key="GridCell.Tab.2.bottom.448.1800.1920.1080@120dpi" width="942" height="908" />
    <size key="GridCell.Tab.2.left.2560.360.1920.1080" width="1682" height="950" />
    <size key="GridCell.Tab.2.center.2560.360.1920.1080" width="1682" height="950" />
    <size key="GridCell.Tab.2.right.2560.360.1920.1080" width="1682" height="950" />
    <size key="GridCell.Tab.2.bottom.2560.360.1920.1080" width="1682" height="950" />
    <size key="GridCell.Tab.3.left.0.0.2560.1440@120dpi" width="1962" height="520" />
    <size key="GridCell.Tab.3.center.0.0.2560.1440@120dpi" width="1962" height="520" />
    <size key="GridCell.Tab.3.right.0.0.2560.1440@120dpi" width="1962" height="520" />
    <size key="GridCell.Tab.3.bottom.0.0.2560.1440@120dpi" width="1962" height="520" />
    <size key="GridCell.Tab.8.left.0.0.2560.1440@120dpi" width="2087" height="1188" />
    <size key="GridCell.Tab.8.center.0.0.2560.1440@120dpi" width="2087" height="1188" />
    <size key="GridCell.Tab.8.right.0.0.2560.1440@120dpi" width="2087" height="1188" />
    <size key="GridCell.Tab.8.bottom.0.0.2560.1440@120dpi" width="2087" height="1188" />
    <size key="GridCell.Tab.9.left.0.0.2560.1440@120dpi" width="2087" height="1188" />
    <size key="GridCell.Tab.9.center.0.0.2560.1440@120dpi" width="2087" height="1188" />
    <size key="GridCell.Tab.9.right.0.0.2560.1440@120dpi" width="2087" height="1188" />
    <size key="GridCell.Tab.9.bottom.0.0.2560.1440@120dpi" width="2087" height="1188" />
    <size key="GridCell.Tab.10.left.0.0.2560.1440@120dpi" width="2087" height="1188" />
    <size key="GridCell.Tab.10.center.0.0.2560.1440@120dpi" width="2087" height="1188" />
    <size key="GridCell.Tab.10.right.0.0.2560.1440@120dpi" width="2087" height="1188" />
    <size key="GridCell.Tab.10.bottom.0.0.2560.1440@120dpi" width="2087" height="1188" />
    <size key="GridCell.Tab.11.left.0.0.2560.1440@120dpi" width="2087" height="1188" />
    <size key="GridCell.Tab.11.center.0.0.2560.1440@120dpi" width="2087" height="1188" />
    <size key="GridCell.Tab.11.right.0.0.2560.1440@120dpi" width="2087" height="1188" />
    <size key="GridCell.Tab.11.bottom.0.0.2560.1440@120dpi" width="2087" height="1188" />
    <size key="GridCell.Tab.12.left.2560.0.1920.1080" width="1669" height="950" />
    <size key="GridCell.Tab.12.center.2560.0.1920.1080" width="1669" height="950" />
    <size key="GridCell.Tab.12.right.2560.0.1920.1080" width="1669" height="950" />
    <size key="GridCell.Tab.12.bottom.2560.0.1920.1080" width="1669" height="950" />
    <size key="GridCell.Tab.8.left.2560.0.1920.1080" width="1669" height="950" />
    <size key="GridCell.Tab.8.center.2560.0.1920.1080" width="1669" height="950" />
    <size key="GridCell.Tab.8.right.2560.0.1920.1080" width="1669" height="950" />
    <size key="GridCell.Tab.8.bottom.2560.0.1920.1080" width="1669" height="950" />
    <size key="GridCell.Tab.9.left.2560.0.1920.1080" width="1669" height="950" />
    <size key="GridCell.Tab.9.center.2560.0.1920.1080" width="1669" height="950" />
    <size key="GridCell.Tab.9.right.2560.0.1920.1080" width="1669" height="950" />
    <size key="GridCell.Tab.9.bottom.2560.0.1920.1080" width="1669" height="950" />
    <size key="GridCell.Tab.13.left.2560.360.1920.1080" width="1682" height="950" />
    <size key="GridCell.Tab.13.center.2560.360.1920.1080" width="1682" height="950" />
    <size key="GridCell.Tab.13.right.2560.360.1920.1080" width="1682" height="950" />
    <size key="GridCell.Tab.13.bottom.2560.360.1920.1080" width="1682" height="950" />
    <size key="GridCell.Tab.4.left.2560.360.1920.1080" width="1920" height="950" />
    <size key="GridCell.Tab.4.center.2560.360.1920.1080" width="1920" height="950" />
    <size key="GridCell.Tab.4.right.2560.360.1920.1080" width="1920" height="950" />
    <size key="GridCell.Tab.4.bottom.2560.360.1920.1080" width="1920" height="950" />
    <size key="GridCell.Tab.0.left.3200.0.2560.1440@120dpi" width="2458" height="323" />
    <size key="GridCell.Tab.0.center.3200.0.2560.1440@120dpi" width="2458" height="323" />
    <size key="GridCell.Tab.0.right.3200.0.2560.1440@120dpi" width="2458" height="323" />
    <size key="GridCell.Tab.0.bottom.3200.0.2560.1440@120dpi" width="2458" height="323" />
    <size key="find.popup.2560.0.1920.1080" width="1488" height="941" />
    <size key="GridCell.Tab.0.left.0.0.1920.1080" width="1503" height="241" />
    <size key="GridCell.Tab.0.center.0.0.1920.1080" width="1503" height="241" />
    <size key="GridCell.Tab.0.right.0.0.1920.1080" width="1503" height="241" />
    <size key="GridCell.Tab.0.bottom.0.0.1920.1080" width="1503" height="241" />
    <size key="find.popup.0.0.1920.1080" width="1396" height="881" />
    <size key="GridCell.Tab.0.left.1920.0.1920.1080" width="1637" height="950" />
    <size key="GridCell.Tab.0.center.1920.0.1920.1080" width="1637" height="950" />
    <size key="GridCell.Tab.0.right.1920.0.1920.1080" width="1637" height="950" />
    <size key="GridCell.Tab.0.bottom.1920.0.1920.1080" width="1637" height="950" />
    <size key="GridCell.Tab.1.left.1920.0.1920.1080" width="1637" height="950" />
    <size key="GridCell.Tab.1.center.1920.0.1920.1080" width="1637" height="950" />
    <size key="GridCell.Tab.1.right.1920.0.1920.1080" width="1637" height="950" />
    <size key="GridCell.Tab.1.bottom.1920.0.1920.1080" width="1637" height="950" />
    <size key="GridCell.Tab.1.left.0.0.1920.1080" width="1503" height="241" />
    <size key="GridCell.Tab.1.center.0.0.1920.1080" width="1503" height="241" />
    <size key="GridCell.Tab.1.right.0.0.1920.1080" width="1503" height="241" />
    <size key="GridCell.Tab.1.bottom.0.0.1920.1080" width="1503" height="241" />
    <size key="GridCell.Tab.2.left.1920.0.1920.1080" width="1536" height="734" />
    <size key="GridCell.Tab.2.center.1920.0.1920.1080" width="1536" height="734" />
    <size key="GridCell.Tab.2.right.1920.0.1920.1080" width="1536" height="734" />
    <size key="GridCell.Tab.2.bottom.1920.0.1920.1080" width="1536" height="734" />
    <size key="GridCell.Tab.2.left.0.0.1920.1080" width="1536" height="734" />
    <size key="GridCell.Tab.2.center.0.0.1920.1080" width="1536" height="734" />
    <size key="GridCell.Tab.2.right.0.0.1920.1080" width="1536" height="734" />
    <size key="GridCell.Tab.2.bottom.0.0.1920.1080" width="1536" height="734" />
    <size key="GridCell.Tab.14.left.1920.0.1920.1080" width="1682" height="950" />
    <size key="GridCell.Tab.14.center.1920.0.1920.1080" width="1682" height="950" />
    <size key="GridCell.Tab.14.right.1920.0.1920.1080" width="1682" height="950" />
    <size key="GridCell.Tab.14.bottom.1920.0.1920.1080" width="1682" height="950" />
    <size key="GridCell.Tab.0.left.0.1350.1920.1080@120dpi" width="1920" height="918" />
    <size key="GridCell.Tab.0.center.0.1350.1920.1080@120dpi" width="1920" height="918" />
    <size key="GridCell.Tab.0.right.0.1350.1920.1080@120dpi" width="1920" height="918" />
    <size key="GridCell.Tab.0.bottom.0.1350.1920.1080@120dpi" width="1920" height="918" />
    <size key="GridCell.Tab.0.left.2560.946.1920.1080" width="1920" height="950" />
    <size key="GridCell.Tab.0.center.2560.946.1920.1080" width="1920" height="950" />
    <size key="GridCell.Tab.0.right.2560.946.1920.1080" width="1920" height="950" />
    <size key="GridCell.Tab.0.bottom.2560.946.1920.1080" width="1920" height="950" />
    <size key="GridCell.Tab.1.left.2560.946.1920.1080" width="1920" height="950" />
    <size key="GridCell.Tab.1.center.2560.946.1920.1080" width="1920" height="950" />
    <size key="GridCell.Tab.1.right.2560.946.1920.1080" width="1920" height="950" />
    <size key="GridCell.Tab.1.bottom.2560.946.1920.1080" width="1920" height="950" />
    <size key="GridCell.Tab.2.left.0.0.2561.1440@144dpi" width="2438" height="251" />
    <size key="GridCell.Tab.2.center.0.0.2561.1440@144dpi" width="2438" height="251" />
    <size key="GridCell.Tab.2.right.0.0.2561.1440@144dpi" width="2438" height="251" />
    <size key="GridCell.Tab.2.bottom.0.0.2561.1440@144dpi" width="2438" height="251" />
    <size key="GridCell.Tab.3.left.0.0.2561.1440@144dpi" width="2438" height="251" />
    <size key="GridCell.Tab.3.center.0.0.2561.1440@144dpi" width="2438" height="251" />
    <size key="GridCell.Tab.3.right.0.0.2561.1440@144dpi" width="2438" height="251" />
    <size key="GridCell.Tab.3.bottom.0.0.2561.1440@144dpi" width="2438" height="251" />
    <size key="GridCell.Tab.22.left.2560.946.1920.1080" width="958" height="949" />
    <size key="GridCell.Tab.22.center.2560.946.1920.1080" width="958" height="949" />
    <size key="GridCell.Tab.22.right.2560.946.1920.1080" width="958" height="949" />
    <size key="GridCell.Tab.22.bottom.2560.946.1920.1080" width="958" height="949" />
    <size key="GridCell.Tab.29.left.2560.946.1920.1080" width="1920" height="950" />
    <size key="GridCell.Tab.29.center.2560.946.1920.1080" width="1920" height="950" />
    <size key="GridCell.Tab.29.right.2560.946.1920.1080" width="1920" height="950" />
    <size key="GridCell.Tab.29.bottom.2560.946.1920.1080" width="1920" height="950" />
    <size key="GridCell.Tab.28.left.2560.946.1920.1080" width="1920" height="950" />
    <size key="GridCell.Tab.28.center.2560.946.1920.1080" width="1920" height="950" />
    <size key="GridCell.Tab.28.right.2560.946.1920.1080" width="1920" height="950" />
    <size key="GridCell.Tab.28.bottom.2560.946.1920.1080" width="1920" height="950" />
    <size key="GridCell.Tab.5.left.2560.946.1920.1080" width="1920" height="950" />
    <size key="GridCell.Tab.5.center.2560.946.1920.1080" width="1920" height="950" />
    <size key="GridCell.Tab.5.right.2560.946.1920.1080" width="1920" height="950" />
    <size key="GridCell.Tab.5.bottom.2560.946.1920.1080" width="1920" height="950" />
    <size key="GridCell.Tab.6.left.0.0.2561.1440@144dpi" width="2561" height="1247" />
    <size key="GridCell.Tab.6.center.0.0.2561.1440@144dpi" width="2561" height="1247" />
    <size key="GridCell.Tab.6.right.0.0.2561.1440@144dpi" width="2561" height="1247" />
    <size key="GridCell.Tab.6.bottom.0.0.2561.1440@144dpi" width="2561" height="1247" />
    <size key="GridCell.Tab.7.left.0.0.2561.1440@144dpi" width="2561" height="1247" />
    <size key="GridCell.Tab.7.center.0.0.2561.1440@144dpi" width="2561" height="1247" />
    <size key="GridCell.Tab.7.right.0.0.2561.1440@144dpi" width="2561" height="1247" />
    <size key="GridCell.Tab.7.bottom.0.0.2561.1440@144dpi" width="2561" height="1247" />
    <size key="GridCell.Tab.0.left.360.1800.1920.1080@120dpi" width="1920" height="918" />
    <size key="GridCell.Tab.0.center.360.1800.1920.1080@120dpi" width="1920" height="918" />
    <size key="GridCell.Tab.0.right.360.1800.1920.1080@120dpi" width="1920" height="918" />
    <size key="GridCell.Tab.0.bottom.360.1800.1920.1080@120dpi" width="1920" height="918" />
    <size key="GridCell.Tab.106.left.360.1800.1920.1080@120dpi" width="1920" height="918" />
    <size key="GridCell.Tab.106.center.360.1800.1920.1080@120dpi" width="1920" height="918" />
    <size key="GridCell.Tab.106.right.360.1800.1920.1080@120dpi" width="1920" height="918" />
    <size key="GridCell.Tab.106.bottom.360.1800.1920.1080@120dpi" width="1920" height="918" />
    <size key="GridCell.Tab.1.left.0.1350.1920.1080@120dpi" width="2378" height="1175" />
    <size key="GridCell.Tab.1.center.0.1350.1920.1080@120dpi" width="2378" height="1175" />
    <size key="GridCell.Tab.1.right.0.1350.1920.1080@120dpi" width="2378" height="1175" />
    <size key="GridCell.Tab.1.bottom.0.1350.1920.1080@120dpi" width="2378" height="1175" />
    <size key="GridCell.Tab.39.left.0.1350.1920.1080@120dpi" width="1920" height="918" />
    <size key="GridCell.Tab.39.center.0.1350.1920.1080@120dpi" width="1920" height="918" />
    <size key="GridCell.Tab.39.right.0.1350.1920.1080@120dpi" width="1920" height="918" />
    <size key="GridCell.Tab.39.bottom.0.1350.1920.1080@120dpi" width="1920" height="918" />
    <size key="GridCell.Tab.38.left.0.1350.1920.1080@120dpi" width="1920" height="918" />
    <size key="GridCell.Tab.38.center.0.1350.1920.1080@120dpi" width="1920" height="918" />
    <size key="GridCell.Tab.38.right.0.1350.1920.1080@120dpi" width="1920" height="918" />
    <size key="GridCell.Tab.38.bottom.0.1350.1920.1080@120dpi" width="1920" height="918" />
    <size key="GridCell.Tab.7.left.0.1350.1920.1080@120dpi" width="1920" height="918" />
    <size key="GridCell.Tab.7.center.0.1350.1920.1080@120dpi" width="1920" height="918" />
    <size key="GridCell.Tab.7.right.0.1350.1920.1080@120dpi" width="1920" height="918" />
    <size key="GridCell.Tab.7.bottom.0.1350.1920.1080@120dpi" width="1920" height="918" />
    <size key="GridCell.Tab.17.left.0.1350.1920.1080@120dpi" width="1920" height="918" />
    <size key="GridCell.Tab.17.center.0.1350.1920.1080@120dpi" width="1920" height="918" />
    <size key="GridCell.Tab.17.right.0.1350.1920.1080@120dpi" width="1920" height="918" />
    <size key="GridCell.Tab.17.bottom.0.1350.1920.1080@120dpi" width="1920" height="918" />
    <size key="GridCell.Tab.2.left.2560.946.1920.1080" width="1536" height="734" />
    <size key="GridCell.Tab.2.center.2560.946.1920.1080" width="1536" height="734" />
    <size key="GridCell.Tab.2.right.2560.946.1920.1080" width="1536" height="734" />
    <size key="GridCell.Tab.2.bottom.2560.946.1920.1080" width="1536" height="734" />
    <size key="GridCell.Tab.1.left.360.1800.1920.1080@120dpi" width="2400" height="1188" />
    <size key="GridCell.Tab.1.center.360.1800.1920.1080@120dpi" width="2400" height="1188" />
    <size key="GridCell.Tab.1.right.360.1800.1920.1080@120dpi" width="2400" height="1188" />
    <size key="GridCell.Tab.1.bottom.360.1800.1920.1080@120dpi" width="2400" height="1188" />
    <size key="GridCell.Tab.4.left.2560.946.1920.1080" width="1701" height="950" />
    <size key="GridCell.Tab.4.center.2560.946.1920.1080" width="1701" height="950" />
    <size key="GridCell.Tab.4.right.2560.946.1920.1080" width="1701" height="950" />
    <size key="GridCell.Tab.4.bottom.2560.946.1920.1080" width="1701" height="950" />
    <size key="GridCell.Tab.20.left.1920.0.1920.1080" width="1637" height="950" />
    <size key="GridCell.Tab.20.center.1920.0.1920.1080" width="1637" height="950" />
    <size key="GridCell.Tab.20.right.1920.0.1920.1080" width="1637" height="950" />
    <size key="GridCell.Tab.20.bottom.1920.0.1920.1080" width="1637" height="950" />
    <size key="GridCell.Tab.6.left.360.1800.1920.1080@120dpi" width="1920" height="918" />
    <size key="GridCell.Tab.6.center.360.1800.1920.1080@120dpi" width="1920" height="918" />
    <size key="GridCell.Tab.6.right.360.1800.1920.1080@120dpi" width="1920" height="918" />
    <size key="GridCell.Tab.6.bottom.360.1800.1920.1080@120dpi" width="1920" height="918" />
    <size key="REMOTE_DEVELOPMENT_CONNECTION.0.0.1920.1080@120dpi" width="1016" height="853" />
    <size key="GridCell.Tab.0.left.1920.565.1920.1080" width="1701" height="950" />
    <size key="GridCell.Tab.0.center.1920.565.1920.1080" width="1701" height="950" />
    <size key="GridCell.Tab.0.right.1920.565.1920.1080" width="1701" height="950" />
    <size key="GridCell.Tab.0.bottom.1920.565.1920.1080" width="1701" height="950" />
    <size key="GridCell.Tab.1.left.1920.565.1920.1080" width="1701" height="950" />
    <size key="GridCell.Tab.1.center.1920.565.1920.1080" width="1701" height="950" />
    <size key="GridCell.Tab.1.right.1920.565.1920.1080" width="1701" height="950" />
    <size key="GridCell.Tab.1.bottom.1920.565.1920.1080" width="1701" height="950" />
    <size key="GridCell.Tab.2.left.1920.565.1920.1080" width="1536" height="734" />
    <size key="GridCell.Tab.2.center.1920.565.1920.1080" width="1536" height="734" />
    <size key="GridCell.Tab.2.right.1920.565.1920.1080" width="1536" height="734" />
    <size key="GridCell.Tab.2.bottom.1920.565.1920.1080" width="1536" height="734" />
    <size key="GridCell.Tab.0.left.0.1080.1920.1080" width="1920" height="958" />
    <size key="GridCell.Tab.0.center.0.1080.1920.1080" width="1920" height="958" />
    <size key="GridCell.Tab.0.right.0.1080.1920.1080" width="1920" height="958" />
    <size key="GridCell.Tab.0.bottom.0.1080.1920.1080" width="1920" height="958" />
    <size key="GridCell.Tab.1.left.0.1080.1920.1080" width="1920" height="958" />
    <size key="GridCell.Tab.1.center.0.1080.1920.1080" width="1920" height="958" />
    <size key="GridCell.Tab.1.right.0.1080.1920.1080" width="1920" height="958" />
    <size key="GridCell.Tab.1.bottom.0.1080.1920.1080" width="1920" height="958" />
    <size key="GridCell.Tab.2.left.0.1080.1920.1080" width="1920" height="958" />
    <size key="GridCell.Tab.2.center.0.1080.1920.1080" width="1920" height="958" />
    <size key="GridCell.Tab.2.right.0.1080.1920.1080" width="1920" height="958" />
    <size key="GridCell.Tab.2.bottom.0.1080.1920.1080" width="1920" height="958" />
    <size key="GridCell.Tab.4.left.0.1350.1920.1080@120dpi" width="1920" height="918" />
    <size key="GridCell.Tab.4.center.0.1350.1920.1080@120dpi" width="1920" height="918" />
    <size key="GridCell.Tab.4.right.0.1350.1920.1080@120dpi" width="1920" height="918" />
    <size key="GridCell.Tab.4.bottom.0.1350.1920.1080@120dpi" width="1920" height="918" />
    <size key="GridCell.Tab.5.left.0.1350.1920.1080@120dpi" width="1920" height="918" />
    <size key="GridCell.Tab.5.center.0.1350.1920.1080@120dpi" width="1920" height="918" />
    <size key="GridCell.Tab.5.right.0.1350.1920.1080@120dpi" width="1920" height="918" />
    <size key="GridCell.Tab.5.bottom.0.1350.1920.1080@120dpi" width="1920" height="918" />
    <size key="GridCell.Tab.6.left.0.1350.1920.1080@120dpi" width="1920" height="918" />
    <size key="GridCell.Tab.6.center.0.1350.1920.1080@120dpi" width="1920" height="918" />
    <size key="GridCell.Tab.6.right.0.1350.1920.1080@120dpi" width="1920" height="918" />
    <size key="GridCell.Tab.6.bottom.0.1350.1920.1080@120dpi" width="1920" height="918" />
    <size key="GridCell.Tab.3.left.0.0.1920.1080" width="1536" height="734" />
    <size key="GridCell.Tab.3.center.0.0.1920.1080" width="1536" height="734" />
    <size key="GridCell.Tab.3.right.0.0.1920.1080" width="1536" height="734" />
    <size key="GridCell.Tab.3.bottom.0.0.1920.1080" width="1536" height="734" />
    <size key="GridCell.Tab.32.left.0.1350.1920.1080@120dpi" width="1920" height="918" />
    <size key="GridCell.Tab.32.center.0.1350.1920.1080@120dpi" width="1920" height="918" />
    <size key="GridCell.Tab.32.right.0.1350.1920.1080@120dpi" width="1920" height="918" />
    <size key="GridCell.Tab.32.bottom.0.1350.1920.1080@120dpi" width="1920" height="918" />
    <size key="GridCell.Tab.31.left.0.1350.1920.1080@120dpi" width="1920" height="918" />
    <size key="GridCell.Tab.31.center.0.1350.1920.1080@120dpi" width="1920" height="918" />
    <size key="GridCell.Tab.31.right.0.1350.1920.1080@120dpi" width="1920" height="918" />
    <size key="GridCell.Tab.31.bottom.0.1350.1920.1080@120dpi" width="1920" height="918" />
    <size key="GridCell.Tab.11.left.0.1350.1920.1080@120dpi" width="1920" height="918" />
    <size key="GridCell.Tab.11.center.0.1350.1920.1080@120dpi" width="1920" height="918" />
    <size key="GridCell.Tab.11.right.0.1350.1920.1080@120dpi" width="1920" height="918" />
    <size key="GridCell.Tab.11.bottom.0.1350.1920.1080@120dpi" width="1920" height="918" />
    <size key="GridCell.Tab.12.left.0.1350.1920.1080@120dpi" width="1920" height="918" />
    <size key="GridCell.Tab.12.center.0.1350.1920.1080@120dpi" width="1920" height="918" />
    <size key="GridCell.Tab.12.right.0.1350.1920.1080@120dpi" width="1920" height="918" />
    <size key="GridCell.Tab.12.bottom.0.1350.1920.1080@120dpi" width="1920" height="918" />
    <size key="GridCell.Tab.23.left.0.1350.1920.1080@120dpi" width="1920" height="918" />
    <size key="GridCell.Tab.23.center.0.1350.1920.1080@120dpi" width="1920" height="918" />
    <size key="GridCell.Tab.23.right.0.1350.1920.1080@120dpi" width="1920" height="918" />
    <size key="GridCell.Tab.23.bottom.0.1350.1920.1080@120dpi" width="1920" height="918" />
    <size key="GridCell.Tab.19.left.0.1350.1920.1080@120dpi" width="1920" height="918" />
    <size key="GridCell.Tab.19.center.0.1350.1920.1080@120dpi" width="1920" height="918" />
    <size key="GridCell.Tab.19.right.0.1350.1920.1080@120dpi" width="1920" height="918" />
    <size key="GridCell.Tab.19.bottom.0.1350.1920.1080@120dpi" width="1920" height="918" />
    <size key="GridCell.Tab.2.left.0.1350.1920.1080@120dpi" width="1920" height="918" />
    <size key="GridCell.Tab.2.center.0.1350.1920.1080@120dpi" width="1920" height="918" />
    <size key="GridCell.Tab.2.right.0.1350.1920.1080@120dpi" width="1920" height="918" />
    <size key="GridCell.Tab.2.bottom.0.1350.1920.1080@120dpi" width="1920" height="918" />
    <size key="GridCell.Tab.8.left.0.1350.1920.1080@120dpi" width="1920" height="918" />
    <size key="GridCell.Tab.8.center.0.1350.1920.1080@120dpi" width="1920" height="918" />
    <size key="GridCell.Tab.8.right.0.1350.1920.1080@120dpi" width="1920" height="918" />
    <size key="GridCell.Tab.8.bottom.0.1350.1920.1080@120dpi" width="1920" height="918" />
    <size key="GridCell.Tab.9.left.0.1350.1920.1080@120dpi" width="1920" height="918" />
    <size key="GridCell.Tab.9.center.0.1350.1920.1080@120dpi" width="1920" height="918" />
    <size key="GridCell.Tab.9.right.0.1350.1920.1080@120dpi" width="1920" height="918" />
    <size key="GridCell.Tab.9.bottom.0.1350.1920.1080@120dpi" width="1920" height="918" />
    <size key="GridCell.Tab.30.left.0.1350.1920.1080@120dpi" width="1920" height="918" />
    <size key="GridCell.Tab.30.center.0.1350.1920.1080@120dpi" width="1920" height="918" />
    <size key="GridCell.Tab.30.right.0.1350.1920.1080@120dpi" width="1920" height="918" />
    <size key="GridCell.Tab.30.bottom.0.1350.1920.1080@120dpi" width="1920" height="918" />
    <size key="GridCell.Tab.29.left.0.1350.1920.1080@120dpi" width="1920" height="918" />
    <size key="GridCell.Tab.29.center.0.1350.1920.1080@120dpi" width="1920" height="918" />
    <size key="GridCell.Tab.29.right.0.1350.1920.1080@120dpi" width="1920" height="918" />
    <size key="GridCell.Tab.29.bottom.0.1350.1920.1080@120dpi" width="1920" height="918" />
    <size key="GridCell.Tab.28.left.0.1350.1920.1080@120dpi" width="1920" height="918" />
    <size key="GridCell.Tab.28.center.0.1350.1920.1080@120dpi" width="1920" height="918" />
    <size key="GridCell.Tab.28.right.0.1350.1920.1080@120dpi" width="1920" height="918" />
    <size key="GridCell.Tab.28.bottom.0.1350.1920.1080@120dpi" width="1920" height="918" />
    <size key="GridCell.Tab.4.left.0.0.1920.1080" width="1536" height="734" />
    <size key="GridCell.Tab.4.center.0.0.1920.1080" width="1536" height="734" />
    <size key="GridCell.Tab.4.right.0.0.1920.1080" width="1536" height="734" />
    <size key="GridCell.Tab.4.bottom.0.0.1920.1080" width="1536" height="734" />
    <size key="GridCell.Tab.70.left.0.1350.1920.1080@120dpi" width="1920" height="918" />
    <size key="GridCell.Tab.70.center.0.1350.1920.1080@120dpi" width="1920" height="918" />
    <size key="GridCell.Tab.70.right.0.1350.1920.1080@120dpi" width="1920" height="918" />
    <size key="GridCell.Tab.70.bottom.0.1350.1920.1080@120dpi" width="1920" height="918" />
    <size key="GridCell.Tab.71.left.0.1350.1920.1080@120dpi" width="1920" height="918" />
    <size key="GridCell.Tab.71.center.0.1350.1920.1080@120dpi" width="1920" height="918" />
    <size key="GridCell.Tab.71.right.0.1350.1920.1080@120dpi" width="1920" height="918" />
    <size key="GridCell.Tab.71.bottom.0.1350.1920.1080@120dpi" width="1920" height="918" />
    <size key="GridCell.Tab.69.left.0.1350.1920.1080@120dpi" width="1920" height="918" />
    <size key="GridCell.Tab.69.center.0.1350.1920.1080@120dpi" width="1920" height="918" />
    <size key="GridCell.Tab.69.right.0.1350.1920.1080@120dpi" width="1920" height="918" />
    <size key="GridCell.Tab.69.bottom.0.1350.1920.1080@120dpi" width="1920" height="918" />
    <size key="GridCell.Tab.74.left.0.1350.1920.1080@120dpi" width="1920" height="918" />
    <size key="GridCell.Tab.74.center.0.1350.1920.1080@120dpi" width="1920" height="918" />
    <size key="GridCell.Tab.74.right.0.1350.1920.1080@120dpi" width="1920" height="918" />
    <size key="GridCell.Tab.74.bottom.0.1350.1920.1080@120dpi" width="1920" height="918" />
    <size key="GridCell.Tab.75.left.0.1350.1920.1080@120dpi" width="1920" height="918" />
    <size key="GridCell.Tab.75.center.0.1350.1920.1080@120dpi" width="1920" height="918" />
    <size key="GridCell.Tab.75.right.0.1350.1920.1080@120dpi" width="1920" height="918" />
    <size key="GridCell.Tab.75.bottom.0.1350.1920.1080@120dpi" width="1920" height="918" />
    <size key="GridCell.Tab.76.left.0.1350.1920.1080@120dpi" width="1920" height="918" />
    <size key="GridCell.Tab.76.center.0.1350.1920.1080@120dpi" width="1920" height="918" />
    <size key="GridCell.Tab.76.right.0.1350.1920.1080@120dpi" width="1920" height="918" />
    <size key="GridCell.Tab.76.bottom.0.1350.1920.1080@120dpi" width="1920" height="918" />
    <size key="GridCell.Tab.73.left.0.1350.1920.1080@120dpi" width="1920" height="918" />
    <size key="GridCell.Tab.73.center.0.1350.1920.1080@120dpi" width="1920" height="918" />
    <size key="GridCell.Tab.73.right.0.1350.1920.1080@120dpi" width="1920" height="918" />
    <size key="GridCell.Tab.73.bottom.0.1350.1920.1080@120dpi" width="1920" height="918" />
    <size key="GridCell.Tab.20.left.0.0.1920.1080" width="1630" height="292" />
    <size key="GridCell.Tab.20.center.0.0.1920.1080" width="1630" height="292" />
    <size key="GridCell.Tab.20.right.0.0.1920.1080" width="1630" height="292" />
    <size key="GridCell.Tab.20.bottom.0.0.1920.1080" width="1630" height="292" />
    <size key="GridCell.Tab.3.left.1920.565.1920.1080" width="1536" height="734" />
    <size key="GridCell.Tab.3.center.1920.565.1920.1080" width="1536" height="734" />
    <size key="GridCell.Tab.3.right.1920.565.1920.1080" width="1536" height="734" />
    <size key="GridCell.Tab.3.bottom.1920.565.1920.1080" width="1536" height="734" />
    <size key="GridCell.Tab.4.left.1920.565.1920.1080" width="1536" height="734" />
    <size key="GridCell.Tab.4.center.1920.565.1920.1080" width="1536" height="734" />
    <size key="GridCell.Tab.4.right.1920.565.1920.1080" width="1536" height="734" />
    <size key="GridCell.Tab.4.bottom.1920.565.1920.1080" width="1536" height="734" />
    <size key="GridCell.Tab.13.left.0.1350.1920.1080@120dpi" width="1920" height="918" />
    <size key="GridCell.Tab.13.center.0.1350.1920.1080@120dpi" width="1920" height="918" />
    <size key="GridCell.Tab.13.right.0.1350.1920.1080@120dpi" width="1920" height="918" />
    <size key="GridCell.Tab.13.bottom.0.1350.1920.1080@120dpi" width="1920" height="918" />
    <size key="GridCell.Tab.3.left.0.1350.1920.1080@120dpi" width="1920" height="918" />
    <size key="GridCell.Tab.3.center.0.1350.1920.1080@120dpi" width="1920" height="918" />
    <size key="GridCell.Tab.3.right.0.1350.1920.1080@120dpi" width="1920" height="918" />
    <size key="GridCell.Tab.3.bottom.0.1350.1920.1080@120dpi" width="1920" height="918" />
    <size key="find.popup.1920.565.1920.1080" width="1396" height="881" />
    <size key="GridCell.Tab.0.left.0.0.2560.1440" width="2560" height="1310" />
    <size key="GridCell.Tab.0.center.0.0.2560.1440" width="2560" height="1310" />
    <size key="GridCell.Tab.0.right.0.0.2560.1440" width="2560" height="1310" />
    <size key="GridCell.Tab.0.bottom.0.0.2560.1440" width="2560" height="1310" />
    <size key="GridCell.Tab.0.left.2560.565.1920.1080" width="1536" height="733" />
    <size key="GridCell.Tab.0.center.2560.565.1920.1080" width="1536" height="733" />
    <size key="GridCell.Tab.0.right.2560.565.1920.1080" width="1536" height="733" />
    <size key="GridCell.Tab.0.bottom.2560.565.1920.1080" width="1536" height="733" />
    <size key="GridCell.Tab.1.left.2560.565.1920.1080" width="1622" height="939" />
    <size key="GridCell.Tab.1.center.2560.565.1920.1080" width="1622" height="939" />
    <size key="GridCell.Tab.1.right.2560.565.1920.1080" width="1622" height="939" />
    <size key="GridCell.Tab.1.bottom.2560.565.1920.1080" width="1622" height="939" />
    <size key="GridCell.Tab.2.left.2560.565.1920.1080" width="1545" height="949" />
    <size key="GridCell.Tab.2.center.2560.565.1920.1080" width="1545" height="949" />
    <size key="GridCell.Tab.2.right.2560.565.1920.1080" width="1545" height="949" />
    <size key="GridCell.Tab.2.bottom.2560.565.1920.1080" width="1545" height="949" />
    <size key="GridCell.Tab.4.left.0.0.2560.1440@120dpi" width="1962" height="520" />
    <size key="GridCell.Tab.4.center.0.0.2560.1440@120dpi" width="1962" height="520" />
    <size key="GridCell.Tab.4.right.0.0.2560.1440@120dpi" width="1962" height="520" />
    <size key="GridCell.Tab.4.bottom.0.0.2560.1440@120dpi" width="1962" height="520" />
    <size key="GridCell.Tab.5.left.0.1800.1920.1080@120dpi" width="1920" height="917" />
    <size key="GridCell.Tab.5.center.0.1800.1920.1080@120dpi" width="1920" height="917" />
    <size key="GridCell.Tab.5.right.0.1800.1920.1080@120dpi" width="1920" height="917" />
    <size key="GridCell.Tab.5.bottom.0.1800.1920.1080@120dpi" width="1920" height="917" />
    <size key="GridCell.Tab.9.left.0.1800.1920.1080@120dpi" width="1920" height="917" />
    <size key="GridCell.Tab.9.center.0.1800.1920.1080@120dpi" width="1920" height="917" />
    <size key="GridCell.Tab.9.right.0.1800.1920.1080@120dpi" width="1920" height="917" />
    <size key="GridCell.Tab.9.bottom.0.1800.1920.1080@120dpi" width="1920" height="917" />
    <size key="GridCell.Tab.3.left.2560.565.1920.1080" width="1536" height="733" />
    <size key="GridCell.Tab.3.center.2560.565.1920.1080" width="1536" height="733" />
    <size key="GridCell.Tab.3.right.2560.565.1920.1080" width="1536" height="733" />
    <size key="GridCell.Tab.3.bottom.2560.565.1920.1080" width="1536" height="733" />
    <size key="GridCell.Tab.4.left.2560.565.1920.1080" width="1536" height="733" />
    <size key="GridCell.Tab.4.center.2560.565.1920.1080" width="1536" height="733" />
    <size key="GridCell.Tab.4.right.2560.565.1920.1080" width="1536" height="733" />
    <size key="GridCell.Tab.4.bottom.2560.565.1920.1080" width="1536" height="733" />
    <size key="find.popup.0.1800.1920.1080@120dpi" width="2454" height="1167" />
    <size key="GridCell.Tab.20.left.0.0.2560.1440@120dpi" width="2168" height="344" />
    <size key="GridCell.Tab.20.center.0.0.2560.1440@120dpi" width="2168" height="344" />
    <size key="GridCell.Tab.20.right.0.0.2560.1440@120dpi" width="2168" height="344" />
    <size key="GridCell.Tab.20.bottom.0.0.2560.1440@120dpi" width="2168" height="344" />
    <size key="GridCell.Tab.1.left.0.1800.1920.1080@120dpi" width="1920" height="917" />
    <size key="GridCell.Tab.1.center.0.1800.1920.1080@120dpi" width="1920" height="917" />
    <size key="GridCell.Tab.1.right.0.1800.1920.1080@120dpi" width="1920" height="917" />
    <size key="GridCell.Tab.1.bottom.0.1800.1920.1080@120dpi" width="1920" height="917" />
    <size key="GridCell.Tab.2.left.0.1800.1920.1080@120dpi" width="1920" height="917" />
    <size key="GridCell.Tab.2.center.0.1800.1920.1080@120dpi" width="1920" height="917" />
    <size key="GridCell.Tab.2.right.0.1800.1920.1080@120dpi" width="1920" height="917" />
    <size key="GridCell.Tab.2.bottom.0.1800.1920.1080@120dpi" width="1920" height="917" />
    <size key="GridCell.Tab.3.left.0.1800.1920.1080@120dpi" width="1920" height="917" />
    <size key="GridCell.Tab.3.center.0.1800.1920.1080@120dpi" width="1920" height="917" />
    <size key="GridCell.Tab.3.right.0.1800.1920.1080@120dpi" width="1920" height="917" />
    <size key="GridCell.Tab.3.bottom.0.1800.1920.1080@120dpi" width="1920" height="917" />
    <size key="GridCell.Tab.4.left.0.1800.1920.1080@120dpi" width="1920" height="917" />
    <size key="GridCell.Tab.4.center.0.1800.1920.1080@120dpi" width="1920" height="917" />
    <size key="GridCell.Tab.4.right.0.1800.1920.1080@120dpi" width="1920" height="917" />
    <size key="GridCell.Tab.4.bottom.0.1800.1920.1080@120dpi" width="1920" height="917" />
    <size key="GridCell.Tab.30.left.0.1800.1920.1080@120dpi" width="1920" height="917" />
    <size key="GridCell.Tab.30.center.0.1800.1920.1080@120dpi" width="1920" height="917" />
    <size key="GridCell.Tab.30.right.0.1800.1920.1080@120dpi" width="1920" height="917" />
    <size key="GridCell.Tab.30.bottom.0.1800.1920.1080@120dpi" width="1920" height="917" />
    <size key="GridCell.Tab.2.left.2560.0.1920.1080" width="145" height="-70" />
    <size key="GridCell.Tab.2.center.2560.0.1920.1080" width="145" height="-70" />
    <size key="GridCell.Tab.2.right.2560.0.1920.1080" width="145" height="-70" />
    <size key="GridCell.Tab.2.bottom.2560.0.1920.1080" width="145" height="-70" />
    <size key="GridCell.Tab.0.left.-1920.7.1920.1080" width="1902" height="939" />
    <size key="GridCell.Tab.0.center.-1920.7.1920.1080" width="1902" height="939" />
    <size key="GridCell.Tab.0.right.-1920.7.1920.1080" width="1902" height="939" />
    <size key="GridCell.Tab.0.bottom.-1920.7.1920.1080" width="1902" height="939" />
    <size key="GridCell.Tab.0.left.2560.369.1920.1080" width="1467" height="378" />
    <size key="GridCell.Tab.0.center.2560.369.1920.1080" width="1467" height="378" />
    <size key="GridCell.Tab.0.right.2560.369.1920.1080" width="1467" height="378" />
    <size key="GridCell.Tab.0.bottom.2560.369.1920.1080" width="1467" height="378" />
    <size key="find.popup.2560.369.1920.1080" width="634" height="864" />
    <size key="GridCell.Tab.1.left.2560.369.1920.1080" width="1467" height="378" />
    <size key="GridCell.Tab.1.center.2560.369.1920.1080" width="1467" height="378" />
    <size key="GridCell.Tab.1.right.2560.369.1920.1080" width="1467" height="378" />
    <size key="GridCell.Tab.1.bottom.2560.369.1920.1080" width="1467" height="378" />
    <size key="GridCell.Tab.2.left.2560.369.1920.1080" width="1467" height="285" />
    <size key="GridCell.Tab.2.center.2560.369.1920.1080" width="1467" height="285" />
    <size key="GridCell.Tab.2.right.2560.369.1920.1080" width="1467" height="285" />
    <size key="GridCell.Tab.2.bottom.2560.369.1920.1080" width="1467" height="285" />
    <size key="GridCell.Tab.3.left.2560.369.1920.1080" width="1467" height="285" />
    <size key="GridCell.Tab.3.center.2560.369.1920.1080" width="1467" height="285" />
    <size key="GridCell.Tab.3.right.2560.369.1920.1080" width="1467" height="285" />
    <size key="GridCell.Tab.3.bottom.2560.369.1920.1080" width="1467" height="285" />
    <size key="GridCell.Tab.4.left.2560.369.1920.1080" width="1467" height="285" />
    <size key="GridCell.Tab.4.center.2560.369.1920.1080" width="1467" height="285" />
    <size key="GridCell.Tab.4.right.2560.369.1920.1080" width="1467" height="285" />
    <size key="GridCell.Tab.4.bottom.2560.369.1920.1080" width="1467" height="285" />
    <size key="GridCell.Tab.5.left.2560.369.1920.1080" width="1467" height="321" />
    <size key="GridCell.Tab.5.center.2560.369.1920.1080" width="1467" height="321" />
    <size key="GridCell.Tab.5.right.2560.369.1920.1080" width="1467" height="321" />
    <size key="GridCell.Tab.5.bottom.2560.369.1920.1080" width="1467" height="321" />
    <size key="GridCell.Tab.5.left.0.0.2560.1440@120dpi" width="1962" height="544" />
    <size key="GridCell.Tab.5.center.0.0.2560.1440@120dpi" width="1962" height="544" />
    <size key="GridCell.Tab.5.right.0.0.2560.1440@120dpi" width="1962" height="544" />
    <size key="GridCell.Tab.5.bottom.0.0.2560.1440@120dpi" width="1962" height="544" />
  </component>
  <component name="WindowManager">
    <frame x="2422" y="335" width="2058" height="1114" extendedState="6" />
  </component>
  <component name="WindowStateApplicationService">
    <state width="599" height="159" key="ShowUsagesActions.dimensionServiceKey" timestamp="1745706036497">
      <screen x="0" y="0" width="2048" height="1104" />
    </state>
    <state width="599" height="159" key="ShowUsagesActions.dimensionServiceKey/2560.369.1920.1020/0.0.2048.1104" timestamp="1745706036497" />
    <state width="320" height="561" key="manage.recent.projects.popup" timestamp="1745663223454">
      <screen x="0" y="0" width="2048" height="1104" />
    </state>
    <state width="320" height="561" key="manage.recent.projects.popup/0.0.2048.1104/-1920.7.1920.1032" timestamp="1742035878825" />
    <state width="320" height="561" key="manage.recent.projects.popup/2560.369.1920.1020/0.0.2048.1104" timestamp="1745663223454" />
  </component>
</application>